{"info": {"language": "Dansk", "ECTS": 5, "time": "F1B (tors 13-17)", "level": "Bachelor", "name": "Topologiske grundbegreber og metriske rum", "course_no": "01125"}, "evals": [{"time": "E-18-03", "N_responses": 28, "learning_answers": [16, 9, 1, 2, 0], "participation_answers": [13, 9, 2, 2, 1], "material_answers": [8, 15, 3, 1, 0], "clear_answers": [15, 6, 5, 1, 0], "connection_answers": [14, 10, 3, 1, 0], "worklevel_answers": [1, 4, 13, 8, 2], "prerequisite_answers": [0, 4, 19, 5, 0], "good_answers": [13, 11, 2, 2, 0]}], "eval_points": [{"time": "E-18-03", "learning": 8.482142857142858, "worklevel": 5.5357142857142865, "good": 8.125, "N": 28}], "grades": [{"time": "2019winter", "N_exam": 69, "N_passed": 69, "exam_avg": 10.1, "grade_dist": [35, 19, 10, 5, 0, 0, 0, 2]}, {"time": "2018winter", "N_exam": 48, "N_passed": 48, "exam_avg": 8.0, "grade_dist": [10, 14, 13, 6, 5, 0, 0, 3]}, {"time": "2016winter", "N_exam": 55, "N_passed": 55, "exam_avg": 10.6, "grade_dist": [31, 17, 5, 1, 1, 0, 0, 1]}], "course_no": "01125", "grade_percentile": 89.38284518828452, "eval_percentiles": {"learning": 71.25506072874494, "worklevel": 57.962213225371116, "good": 65.9919028340081}, "composites": {"beer_points": 6.627084755681263, "quality_points": 7.7267876200640355, "beer_percentiles": 81.90630048465266, "quality_percentiles": 88.52988691437803}}