{"info": {"language": "Dansk", "ECTS": 5, "time": "E4B (fre 8-12)", "level": "Bachelor, Kandidat", "name": "Differentialgeometri og parametrisk design", "course_no": "01237"}, "evals": [{"time": "E-18-13", "N_responses": 44, "learning_answers": [5, 14, 7, 11, 7], "participation_answers": [5, 14, 13, 8, 4], "material_answers": [16, 12, 7, 2, 7], "clear_answers": [1, 8, 10, 14, 11], "connection_answers": [2, 14, 12, 9, 7], "worklevel_answers": [1, 5, 32, 4, 1], "prerequisite_answers": [0, 1, 38, 4, 0], "good_answers": [8, 12, 9, 8, 7]}], "eval_points": [{"time": "E-18-13", "learning": 4.943181818181818, "worklevel": 4.829545454545455, "good": 5.340909090909091, "N": 44}], "grades": [{"time": "2019winter", "N_exam": 80, "N_passed": 80, "exam_avg": 7.1, "grade_dist": [9, 15, 34, 15, 7, 0, 0, 1, 4]}, {"time": "2018winter", "N_exam": 86, "N_passed": 79, "exam_avg": 7.1, "grade_dist": [16, 18, 27, 10, 8, 5, 2, 1, 5]}, {"time": "2016winter", "N_exam": 95, "N_passed": 91, "exam_avg": 8.2, "grade_dist": [20, 33, 24, 12, 2, 1, 3, 1, 2]}], "course_no": "01237", "grade_percentile": 30.19981834695731, "eval_percentiles": {"learning": 7.635983263598327, "worklevel": 27.35355648535565, "good": 15.481171548117155}, "composites": {"beer_points": 5.603416502411742, "quality_points": 4.0141993298327145, "beer_percentiles": 53.66161616161616, "quality_percentiles": 15.025252525252526}}