{"info": {"language": "Dansk", "ECTS": 10, "time": "E5 (ons 8-17)", "level": "Bachelor", "name": "Computersystemer", "course_no": "02132"}, "evals": [{"time": "E-18-13", "N_responses": 47, "learning_answers": [22, 18, 6, 1, 0], "participation_answers": [19, 20, 8, 0, 0], "material_answers": [4, 9, 13, 17, 3], "clear_answers": [4, 25, 12, 4, 2], "connection_answers": [14, 14, 15, 4, 0], "worklevel_answers": [0, 2, 18, 22, 5], "prerequisite_answers": [1, 5, 40, 1, 0], "good_answers": [12, 20, 12, 3, 0]}], "eval_points": [{"time": "E-18-13", "learning": 8.24468085106383, "worklevel": 6.595744680851063, "good": 7.180851063829787, "N": 47}], "grades": [{"time": "2020winter", "N_exam": 84, "N_passed": 80, "exam_avg": 7.7, "grade_dist": [16, 24, 22, 14, 4, 4, 0, 2]}, {"time": "2019winter", "N_exam": 82, "N_passed": 72, "exam_avg": 5.6, "grade_dist": [6, 7, 31, 23, 5, 9, 1, 2]}, {"time": "2018winter", "N_exam": 99, "N_passed": 98, "exam_avg": 8.0, "grade_dist": [6, 42, 37, 8, 5, 1, 0, 4]}, {"time": "2017winter", "N_exam": 80, "N_passed": 78, "exam_avg": 7.6, "grade_dist": [7, 19, 42, 9, 1, 2, 0, 1]}], "course_no": "02132", "grade_percentile": 40.962761126248864, "eval_percentiles": {"learning": 65.3765690376569, "worklevel": 81.38075313807532, "good": 43.93305439330544}, "composites": {"beer_points": 4.447457347420218, "quality_points": 5.810665040098317, "beer_percentiles": 25.63131313131313, "quality_percentiles": 45.2020202020202}}