{"info": {"language": "Engelsk", "ECTS": 5, "time": "Januar", "level": "Bachelor", "name": "Introduktion til koordinering af fordelte applikationer", "course_no": "02148"}, "evals": [{"time": "E-18-03", "N_responses": 15, "learning_answers": [3, 8, 3, 1, 0], "participation_answers": [6, 8, 1, 0, 0], "material_answers": [2, 8, 4, 1, 0], "clear_answers": [2, 2, 9, 1, 1], "connection_answers": [4, 7, 3, 1, 0], "worklevel_answers": [0, 1, 10, 2, 2], "prerequisite_answers": [1, 3, 11, 0, 0], "good_answers": [6, 7, 2, 0, 0]}], "eval_points": [{"time": "E-18-03", "learning": 7.166666666666667, "worklevel": 5.833333333333334, "good": 8.166666666666666, "N": 15}], "grades": [{"time": "2018winter", "N_exam": 87, "N_passed": 87, "exam_avg": 8.9, "grade_dist": [16, 33, 32, 6, 0, 0, 0, 2]}, {"time": "2017winter", "N_exam": 49, "N_passed": 49, "exam_avg": 10.3, "grade_dist": [28, 8, 13, 0, 0, 0, 0, 2]}, {"time": "2016winter", "N_exam": 68, "N_passed": 68, "exam_avg": 10.5, "grade_dist": [35, 21, 12, 0, 0, 0, 0, 2]}, {"time": "2015winter", "N_exam": 55, "N_passed": 54, "exam_avg": 10.5, "grade_dist": [23, 28, 0, 3, 0, 0, 0, 0, 1]}], "course_no": "02148", "grade_percentile": 66.84100418410041, "eval_percentiles": {"learning": 33.87314439946019, "worklevel": 66.46423751686909, "good": 67.67881241565452}, "composites": {"beer_points": 5.615429630352092, "quality_points": 6.4845250800426895, "beer_percentiles": 58.64297253634895, "quality_percentiles": 63.24717285945073}}