{"info": {"language": "Engelsk", "ECTS": 5, "time": "E1B (tors 13-17)", "level": "Kandidat", "name": "Test af digitale systemer", "course_no": "02209"}, "evals": [{"time": "E-18-13", "N_responses": 3, "learning_answers": [1, 1, 0, 1, 0], "participation_answers": [2, 1, 0, 0, 0], "material_answers": [1, 1, 0, 1, 0], "clear_answers": [1, 0, 1, 1, 0], "connection_answers": [1, 1, 0, 1, 0], "worklevel_answers": [0, 0, 2, 1, 0], "prerequisite_answers": [0, 0, 3, 0, 0], "good_answers": [1, 1, 0, 1, 0]}], "eval_points": [{"time": "E-18-13", "learning": 6.666666666666666, "worklevel": 5.833333333333334, "good": 6.666666666666666, "N": 3}], "grades": [{"time": "2020winter", "N_exam": 8, "N_passed": 7, "exam_avg": 8.1, "grade_dist": [3, 2, 1, 0, 1, 1, 0, 1]}, {"time": "2018winter", "N_exam": 9, "N_passed": 7, "exam_avg": 7.5, "grade_dist": [2, 2, 2, 0, 1, 1, 0, 0, 1, 1]}, {"time": "2013winter", "N_exam": 5, "N_passed": 4, "exam_avg": 6.6, "grade_dist": [2, 0, 1, 0, 1, 1, 0, 2]}], "course_no": "02209", "grade_percentile": 47.90794979079498, "eval_percentiles": {"learning": 24.898785425101213, "worklevel": 66.46423751686909, "good": 31.57894736842105}, "composites": {"beer_points": 5.123866185506681, "quality_points": 5.2294557097118455, "beer_percentiles": 43.376413570274636, "quality_percentiles": 35.05654281098546}}