{"info": {"language": "Engelsk", "ECTS": 5, "time": "F5B (ons 13-17)", "level": "Kandidat", "name": "Moderne kryptologi", "course_no": "02255"}, "evals": [{"time": "E-18-13", "N_responses": 13, "learning_answers": [10, 3, 0, 0, 0], "participation_answers": [6, 4, 2, 0, 1], "material_answers": [6, 3, 4, 0, 0], "clear_answers": [6, 5, 1, 1, 0], "connection_answers": [11, 0, 1, 0, 1], "worklevel_answers": [0, 0, 8, 5, 0], "prerequisite_answers": [0, 0, 13, 0, 0], "good_answers": [10, 2, 0, 1, 0]}], "eval_points": [{"time": "E-18-13", "learning": 9.423076923076923, "worklevel": 5.961538461538462, "good": 9.038461538461538, "N": 13}], "grades": [{"time": "2022summer", "N_exam": 75, "N_passed": 75, "exam_avg": 8.5, "grade_dist": [19, 17, 27, 12, 0, 0, 0, 1]}, {"time": "2021summer", "N_exam": 33, "N_passed": 33, "exam_avg": 10.0, "grade_dist": [16, 8, 8, 0, 1, 0, 0, 1]}], "course_no": "02255", "grade_percentile": 58.22401614530777, "eval_percentiles": {"learning": 92.45283018867924, "worklevel": 70.08086253369272, "good": 86.11859838274933}, "composites": {"beer_points": 5.371002004607606, "quality_points": 7.6966226022829805, "beer_percentiles": 48.87459807073955, "quality_percentiles": 87.05787781350483}}