{"info": {"language": "Dansk", "ECTS": 5, "time": "F4A (tirs 13-17)", "level": "Diplomingeni\u00f8r", "name": "Distribuerede og parallelle systemer", "course_no": "02346"}, "evals": [{"time": "F-19-13", "N_responses": 27, "learning_answers": [11, 10, 5, 1, 0], "participation_answers": [13, 6, 5, 3, 0], "material_answers": [5, 7, 9, 3, 3], "clear_answers": [12, 6, 5, 1, 3], "connection_answers": [10, 4, 8, 3, 2], "worklevel_answers": [0, 0, 9, 8, 10], "prerequisite_answers": [1, 1, 18, 2, 5], "good_answers": [8, 5, 5, 6, 3]}], "eval_points": [{"time": "F-19-13", "learning": 7.870370370370371, "worklevel": 7.5925925925925934, "good": 5.833333333333334, "N": 27}], "grades": [{"time": "2022summer", "N_exam": 106, "N_passed": 72, "exam_avg": 2.4, "grade_dist": [1, 3, 14, 21, 33, 23, 11, 7, 21]}, {"time": "2021summer", "N_exam": 75, "N_passed": 58, "exam_avg": 4.0, "grade_dist": [2, 5, 14, 14, 23, 11, 0, 0, 6, 2, 5]}, {"time": "2020summer", "N_exam": 89, "N_passed": 67, "exam_avg": 5.9, "grade_dist": [3, 11, 26, 17, 10, 3, 0, 0, 19]}, {"time": "2019summer", "N_exam": 148, "N_passed": 129, "exam_avg": 5.7, "grade_dist": [6, 26, 48, 43, 6, 14, 5, 2, 4]}], "course_no": "02346", "grade_percentile": 1.0090817356205852, "eval_percentiles": {"learning": 51.81940700808625, "worklevel": 94.87870619946091, "good": 19.474393530997304}, "composites": {"beer_points": 0.2516962703660485, "quality_points": 2.2098005116873045, "beer_percentiles": 0.3215434083601286, "quality_percentiles": 3.215434083601286}}