{"info": {"language": "Engelsk", "ECTS": 5, "time": "E1B (tors 13-17)", "level": "Diplomingeni\u00f8r", "name": "Software processer og m\u00f8nstre", "course_no": "02369"}, "evals": [{"time": "E-18-13", "N_responses": 23, "learning_answers": [1, 0, 4, 12, 6], "participation_answers": [1, 1, 7, 6, 8], "material_answers": [1, 1, 9, 4, 7], "clear_answers": [1, 1, 2, 6, 13], "connection_answers": [1, 2, 5, 6, 9], "worklevel_answers": [2, 4, 16, 1, 0], "prerequisite_answers": [1, 1, 19, 1, 0], "good_answers": [1, 2, 5, 6, 9]}], "eval_points": [{"time": "E-18-13", "learning": 2.608695652173913, "worklevel": 4.239130434782608, "good": 2.826086956521739, "N": 23}], "grades": [{"time": "2018winter", "N_exam": 80, "N_passed": 80, "exam_avg": 9.3, "grade_dist": [31, 18, 25, 1, 5, 0, 0, 3]}], "course_no": "02369", "grade_percentile": 77.3965691220989, "eval_percentiles": {"learning": 1.0781671159029649, "worklevel": 13.072776280323449, "good": 2.1563342318059298}, "composites": {"beer_points": 7.397747450662065, "quality_points": 3.081681416381991, "beer_percentiles": 92.12218649517685, "quality_percentiles": 7.556270096463023}}