{"info": {"language": "Engelsk", "ECTS": 5, "time": "F3A (tirs 8-12)", "level": "Kandidat", "name": "Stokastisk adaptiv regulering", "course_no": "02421"}, "evals": [{"time": "F-19-13", "N_responses": 7, "learning_answers": [0, 3, 3, 1, 0], "participation_answers": [0, 1, 1, 1, 4], "material_answers": [0, 0, 1, 3, 3], "clear_answers": [0, 0, 2, 2, 3], "connection_answers": [0, 0, 4, 1, 2], "worklevel_answers": [0, 3, 4, 0, 0], "prerequisite_answers": [0, 0, 7, 0, 0], "good_answers": [0, 1, 2, 4, 0]}], "eval_points": [{"time": "F-19-13", "learning": 5.7142857142857135, "worklevel": 3.9285714285714284, "good": 3.9285714285714284, "N": 7}], "grades": [{"time": "2022summer", "N_exam": 17, "N_passed": 13, "exam_avg": 6.5, "grade_dist": [2, 6, 2, 3, 0, 4, 0, 1]}], "course_no": "02421", "grade_percentile": 19.8284561049445, "eval_percentiles": {"learning": 14.824797843665767, "worklevel": 8.625336927223719, "good": 5.256064690026954}, "composites": {"beer_points": 5.999611046285493, "quality_points": 3.836739497116856, "beer_percentiles": 64.79099678456592, "quality_percentiles": 13.504823151125402}}