{"info": {"language": "Engelsk", "ECTS": 5, "time": "F3A (tirs 8-12)", "level": "Kandidat", "name": "Stokastisk adaptiv regulering", "course_no": "02421"}, "evals": [{"time": "F-19-13", "N_responses": 7, "learning_answers": [0, 3, 3, 1, 0], "participation_answers": [0, 1, 1, 1, 4], "material_answers": [0, 0, 1, 3, 3], "clear_answers": [0, 0, 2, 2, 3], "connection_answers": [0, 0, 4, 1, 2], "worklevel_answers": [0, 3, 4, 0, 0], "prerequisite_answers": [0, 0, 7, 0, 0], "good_answers": [0, 1, 2, 4, 0]}], "eval_points": [{"time": "F-19-13", "learning": 5.7142857142857135, "worklevel": 3.9285714285714284, "good": 3.9285714285714284, "N": 7}], "grades": [{"time": "2022summer", "N_exam": 17, "N_passed": 13, "exam_avg": 6.5, "grade_dist": [2, 6, 2, 3, 0, 4, 0, 1]}], "course_no": "02421", "grade_percentile": 19.560669456066943, "eval_percentiles": {"learning": 14.844804318488528, "worklevel": 8.63697705802969, "good": 5.263157894736842}, "composites": {"beer_points": 5.896323027406613, "quality_points": 3.7118463180362857, "beer_percentiles": 64.94345718901454, "quality_percentiles": 13.893376413570275}}