{"info": {"language": "Engelsk", "ECTS": 5, "time": "Januar", "level": "Kandidat", "name": "Risikomanagement", "course_no": "02431"}, "evals": [{"time": "E-18-03", "N_responses": 29, "learning_answers": [16, 11, 2, 0, 0], "participation_answers": [13, 10, 4, 2, 0], "material_answers": [9, 15, 4, 1, 0], "clear_answers": [3, 5, 12, 7, 2], "connection_answers": [14, 11, 2, 1, 0], "worklevel_answers": [0, 4, 15, 7, 3], "prerequisite_answers": [0, 1, 26, 2, 0], "good_answers": [14, 14, 0, 1, 0]}], "eval_points": [{"time": "E-18-03", "learning": 8.706896551724139, "worklevel": 5.775862068965517, "good": 8.53448275862069, "N": 29}], "grades": [{"time": "2019winter", "N_exam": 57, "N_passed": 57, "exam_avg": 8.2, "grade_dist": [8, 15, 29, 4, 1, 0, 0, 1]}, {"time": "2017winter", "N_exam": 33, "N_passed": 33, "exam_avg": 7.9, "grade_dist": [3, 13, 10, 5, 2, 0, 0, 3]}, {"time": "2016winter", "N_exam": 43, "N_passed": 43, "exam_avg": 8.6, "grade_dist": [8, 14, 17, 3, 1, 0, 0, 1]}, {"time": "2013winter", "N_exam": 51, "N_passed": 51, "exam_avg": 8.6, "grade_dist": [8, 18, 21, 3, 1, 0, 0, 4]}], "course_no": "02431", "grade_percentile": 50.90826521344233, "eval_percentiles": {"learning": 76.98744769874477, "worklevel": 62.76150627615063, "good": 76.15062761506276}, "composites": {"beer_points": 5.423208543797905, "quality_points": 7.227743987065924, "beer_percentiles": 48.23232323232323, "quality_percentiles": 77.02020202020202}}