{"info": {"language": "Dansk", "ECTS": 10, "time": "E2A (man 13-17)  og  Januar", "level": "Bachelor", "name": "Introduktion til intelligente systemer", "course_no": "02461"}, "evals": [{"time": "E-18-03", "N_responses": 12, "learning_answers": [3, 4, 4, 1, 0], "participation_answers": [3, 4, 4, 1, 0], "material_answers": [1, 3, 5, 3, 0], "clear_answers": [1, 0, 4, 6, 1], "connection_answers": [2, 4, 2, 4, 0], "worklevel_answers": [1, 5, 4, 1, 1], "prerequisite_answers": [0, 1, 10, 1, 0], "good_answers": [2, 4, 5, 1, 0]}], "eval_points": [{"time": "E-18-03", "learning": 6.875, "worklevel": 4.166666666666667, "good": 6.458333333333334, "N": 12}], "grades": [{"time": "2020winter", "N_exam": 102, "N_passed": 101, "exam_avg": 10.1, "grade_dist": [38, 44, 18, 1, 0, 1, 0, 9]}, {"time": "2019winter", "N_exam": 52, "N_passed": 52, "exam_avg": 10.0, "grade_dist": [10, 35, 7, 0, 0, 0, 0, 2]}, {"time": "2018winter", "N_exam": 36, "N_passed": 36, "exam_avg": 11.8, "grade_dist": [33, 3, 0, 0, 0, 0, 0, 1]}], "course_no": "02461", "grade_percentile": 90.28156221616712, "eval_percentiles": {"learning": 29.707112970711297, "worklevel": 11.715481171548117, "good": 30.753138075313807}, "composites": {"beer_points": 7.856513308655031, "quality_points": 7.04749799934096, "beer_percentiles": 96.71717171717172, "quality_percentiles": 73.10606060606061}}