{"info": {"language": "Engelsk", "ECTS": 10, "time": "F5 (ons 8-17)", "level": "Kandidat", "name": "Personal Data Interaction for Mobile and Wearables", "course_no": "02808"}, "evals": [{"time": "F-19-13", "N_responses": 13, "learning_answers": [2, 4, 3, 3, 1], "participation_answers": [3, 4, 3, 1, 2], "material_answers": [4, 3, 2, 2, 2], "clear_answers": [2, 4, 4, 1, 2], "connection_answers": [3, 5, 1, 2, 1], "worklevel_answers": [1, 1, 7, 4, 0], "prerequisite_answers": [1, 0, 8, 3, 1], "good_answers": [3, 2, 3, 3, 2]}], "eval_points": [{"time": "F-19-13", "learning": 5.576923076923077, "worklevel": 5.1923076923076925, "good": 5.1923076923076925, "N": 13}], "grades": [{"time": "2021summer", "N_exam": 42, "N_passed": 40, "exam_avg": 8.8, "grade_dist": [9, 18, 10, 2, 1, 2, 0, 1]}, {"time": "2020summer", "N_exam": 34, "N_passed": 34, "exam_avg": 8.3, "grade_dist": [4, 10, 18, 2, 0, 0, 0, 2]}, {"time": "2019summer", "N_exam": 40, "N_passed": 40, "exam_avg": 8.9, "grade_dist": [3, 20, 17, 0, 0, 0, 0, 1]}], "course_no": "02808", "grade_percentile": 64.85013623978202, "eval_percentiles": {"learning": 12.918410041841005, "worklevel": 45.18828451882845, "good": 13.389121338912133}, "composites": {"beer_points": 6.255406852974276, "quality_points": 4.8377565098367254, "beer_percentiles": 71.5909090909091, "quality_percentiles": 26.893939393939394}}