{"info": {"language": "Engelsk", "ECTS": 10, "time": "F5 (ons 8-17)", "level": "Kandidat", "name": "Personal Data Interaction for Mobile and Wearables", "course_no": "02808"}, "evals": [{"time": "F-19-13", "N_responses": 13, "learning_answers": [2, 4, 3, 3, 1], "participation_answers": [3, 4, 3, 1, 2], "material_answers": [4, 3, 2, 2, 2], "clear_answers": [2, 4, 4, 1, 2], "connection_answers": [3, 5, 1, 2, 1], "worklevel_answers": [1, 1, 7, 4, 0], "prerequisite_answers": [1, 0, 8, 3, 1], "good_answers": [3, 2, 3, 3, 2]}], "eval_points": [{"time": "F-19-13", "learning": 5.576923076923077, "worklevel": 5.1923076923076925, "good": 5.1923076923076925, "N": 13}], "grades": [{"time": "2022summer", "N_exam": 61, "N_passed": 59, "exam_avg": 8.3, "grade_dist": [5, 28, 21, 4, 1, 2, 0, 2]}, {"time": "2021summer", "N_exam": 44, "N_passed": 42, "exam_avg": 8.7, "grade_dist": [9, 18, 12, 2, 1, 2, 0, 1]}, {"time": "2020summer", "N_exam": 34, "N_passed": 34, "exam_avg": 8.3, "grade_dist": [4, 10, 18, 2, 0, 0, 0, 2]}, {"time": "2019summer", "N_exam": 40, "N_passed": 40, "exam_avg": 8.9, "grade_dist": [3, 20, 17, 0, 0, 0, 0, 1]}], "course_no": "02808", "grade_percentile": 53.66108786610879, "eval_percentiles": {"learning": 13.157894736842104, "worklevel": 46.82860998650472, "good": 12.887989203778677}, "composites": {"beer_points": 5.837578494849536, "quality_points": 4.457105327969789, "beer_percentiles": 63.48949919224556, "quality_percentiles": 22.617124394184167}}