{"info": {"language": "Engelsk", "ECTS": 5, "time": "E7 (tirs 18-22)", "level": "Kandidat", "name": "Beregningsm\u00e6ssige V\u00e6rkt\u00f8jer til Datavidenskab", "course_no": "02807"}, "evals": [{"time": "E-18-13", "N_responses": 65, "learning_answers": [26, 21, 11, 6, 1], "participation_answers": [28, 21, 10, 3, 3], "material_answers": [24, 14, 15, 8, 4], "clear_answers": [21, 23, 13, 6, 2], "connection_answers": [20, 26, 11, 5, 2], "worklevel_answers": [0, 4, 36, 21, 4], "prerequisite_answers": [2, 9, 50, 2, 2], "good_answers": [28, 21, 8, 5, 3]}], "eval_points": [{"time": "E-18-13", "learning": 7.5, "worklevel": 5.961538461538462, "good": 7.538461538461538, "N": 65}], "grades": [{"time": "2020winter", "N_exam": 226, "N_passed": 226, "exam_avg": 11.2, "grade_dist": [152, 61, 12, 1, 0, 0, 0, 3]}, {"time": "2018winter", "N_exam": 165, "N_passed": 160, "exam_avg": 8.8, "grade_dist": [38, 71, 31, 12, 8, 5, 0, 3]}, {"time": "2015winter", "N_exam": 118, "N_passed": 105, "exam_avg": 8.1, "grade_dist": [45, 28, 12, 14, 6, 9, 4, 1]}], "course_no": "02807", "grade_percentile": 97.72933696639419, "eval_percentiles": {"learning": 44.24686192468619, "worklevel": 68.0439330543933, "good": 56.06694560669456}, "composites": {"beer_points": 6.958331638395095, "quality_points": 7.504046581860451, "beer_percentiles": 87.24747474747475, "quality_percentiles": 82.32323232323232}}