{"info": {"language": "Engelsk", "ECTS": 5, "time": "Efter\u00e5r", "level": "Ph.d.", "name": "Bayesiansk dataanalyse", "course_no": "02936"}, "evals": [{"time": "F-19-13", "N_responses": 13, "learning_answers": [3, 4, 4, 1, 1], "participation_answers": [3, 1, 4, 2, 3], "material_answers": [2, 3, 6, 1, 0], "clear_answers": [1, 0, 4, 5, 3], "connection_answers": [2, 3, 2, 5, 1], "worklevel_answers": [0, 0, 5, 6, 2], "prerequisite_answers": [0, 0, 12, 1, 0], "good_answers": [2, 3, 3, 4, 1]}, {"time": "F-18-13", "N_responses": 13, "learning_answers": [6, 5, 0, 2, 0], "participation_answers": [2, 6, 2, 1, 2], "material_answers": [4, 6, 2, 1, 0], "clear_answers": [3, 3, 2, 4, 1], "connection_answers": [2, 4, 4, 1, 1], "worklevel_answers": [0, 1, 4, 5, 2], "prerequisite_answers": [0, 0, 12, 0, 0], "good_answers": [7, 2, 2, 1, 1]}], "eval_points": [{"time": "F-19-13", "learning": 6.346153846153846, "worklevel": 6.923076923076923, "good": 5.1923076923076925, "N": 13}, {"time": "F-18-13", "learning": 7.884615384615384, "worklevel": 6.153846153846154, "good": 7.5, "N": 13}], "grades": [{"time": "2017summer", "N_exam": 19, "N_passed": 19, "exam_avg": 12.0, "grade_dist": [1, 0, 0, 0, 0, 0, 0, 18, 0, 11]}], "course_no": "02936", "grade_percentile": 99.68210717529519, "eval_percentiles": {"learning": 22.123430962343097, "worklevel": 87.23849372384937, "good": 13.389121338912133}, "composites": {"beer_points": 6.5960216409714025, "quality_points": 5.8493476584141755, "beer_percentiles": 78.66161616161617, "quality_percentiles": 46.33838383838384}}