{"info": {"language": "Dansk", "ECTS": 10, "time": "E3B (fre 13-17)  og  E5 (ons 8-17)", "level": "Bachelor", "name": "Ingeni\u00f8rarbejde", "course_no": "11000"}, "evals": [{"time": "E-18-13", "N_responses": 42, "learning_answers": [3, 24, 10, 5, 0], "participation_answers": [6, 23, 10, 3, 0], "material_answers": [1, 16, 21, 4, 0], "clear_answers": [1, 10, 18, 10, 3], "connection_answers": [0, 21, 17, 2, 1], "worklevel_answers": [3, 2, 17, 13, 6], "prerequisite_answers": [0, 3, 34, 4, 1], "good_answers": [5, 18, 11, 6, 2]}], "eval_points": [{"time": "E-18-13", "learning": 6.488095238095238, "worklevel": 5.892857142857143, "good": 6.071428571428571, "N": 42}], "grades": [{"time": "2019winter", "N_exam": 64, "N_passed": 59, "exam_avg": 5.9, "grade_dist": [0, 8, 33, 16, 2, 4, 1, 1]}, {"time": "2012winter", "N_exam": 58, "N_passed": 54, "exam_avg": 6.8, "grade_dist": [0, 15, 32, 6, 1, 2, 2, 1]}], "course_no": "11000", "grade_percentile": 14.350590372388737, "eval_percentiles": {"learning": 23.744769874476987, "worklevel": 66.57949790794979, "good": 24.006276150627617}, "composites": {"beer_points": 4.026843947520837, "quality_points": 4.019677070093678, "beer_percentiles": 18.30808080808081, "quality_percentiles": 15.151515151515152}}