{"info": {"language": "Engelsk", "ECTS": 5, "time": "F1B (tors 13-17)", "level": "Kandidat", "name": "Tr\u00e6konstruktioner", "course_no": "11353"}, "evals": [{"time": "F-18-03AUG", "N_responses": 28, "learning_answers": [23, 5, 0, 0, 0], "participation_answers": [22, 4, 1, 0, 1], "material_answers": [9, 14, 3, 2, 0], "clear_answers": [4, 5, 5, 9, 5], "connection_answers": [10, 14, 2, 2, 0], "worklevel_answers": [0, 0, 6, 6, 16], "prerequisite_answers": [0, 0, 26, 2, 0], "good_answers": [14, 11, 2, 1, 0]}], "eval_points": [{"time": "F-18-03AUG", "learning": 9.553571428571429, "worklevel": 8.392857142857142, "good": 8.392857142857142, "N": 28}], "grades": [{"time": "2018summer", "N_exam": 58, "N_passed": 58, "exam_avg": 8.6, "grade_dist": [3, 33, 14, 8, 0, 0, 0, 2]}, {"time": "2017summer", "N_exam": 34, "N_passed": 33, "exam_avg": 7.7, "grade_dist": [6, 8, 14, 3, 2, 0, 1, 1]}], "course_no": "11353", "grade_percentile": 60.6267029972752, "eval_percentiles": {"learning": 93.41004184100419, "worklevel": 97.69874476987448, "good": 73.53556485355648}, "composites": {"beer_points": 3.434564730175518, "quality_points": 6.544475154840923, "beer_percentiles": 10.353535353535353, "quality_percentiles": 61.23737373737374}}