{"info": {"language": "Engelsk", "ECTS": 5, "time": "E5B (ons 13-17)", "level": "Kandidat", "name": "Videreg\u00e5ende ingeni\u00f8rgeologi: Jord og porr\u00f8se bjergarter", "course_no": "11430"}, "evals": [{"time": "E-18-13", "N_responses": 17, "learning_answers": [12, 4, 1, 0, 0], "participation_answers": [13, 4, 0, 0, 0], "material_answers": [10, 7, 0, 0, 0], "clear_answers": [6, 8, 2, 0, 1], "connection_answers": [10, 6, 1, 0, 0], "worklevel_answers": [0, 1, 10, 4, 2], "prerequisite_answers": [1, 1, 15, 0, 0], "good_answers": [10, 6, 1, 0, 0]}], "eval_points": [{"time": "E-18-13", "learning": 9.117647058823529, "worklevel": 6.029411764705882, "good": 8.823529411764707, "N": 17}], "grades": [{"time": "2020winter", "N_exam": 25, "N_passed": 23, "exam_avg": 7.4, "grade_dist": [5, 6, 7, 3, 2, 2, 0, 1]}, {"time": "2016winter", "N_exam": 32, "N_passed": 32, "exam_avg": 7.0, "grade_dist": [4, 7, 9, 10, 2, 0, 0, 2]}, {"time": "2015winter", "N_exam": 25, "N_passed": 23, "exam_avg": 6.9, "grade_dist": [3, 7, 6, 5, 2, 2, 0, 2]}, {"time": "2014winter", "N_exam": 31, "N_passed": 31, "exam_avg": 7.0, "grade_dist": [3, 8, 10, 6, 4, 0, 0, 1]}], "course_no": "11430", "grade_percentile": 35.37693006357856, "eval_percentiles": {"learning": 87.76150627615063, "worklevel": 70.7112970711297, "good": 82.94979079497908}, "composites": {"beer_points": 4.757416451509213, "quality_points": 7.067878415311896, "beer_percentiles": 31.31313131313131, "quality_percentiles": 73.73737373737374}}