{"info": {"language": "Dansk", "ECTS": 10, "time": "Efter\u00e5r", "level": "Diplomingeni\u00f8r", "name": "Anl\u00e6g", "course_no": "11831"}, "evals": [{"time": "E-18-13", "N_responses": 7, "learning_answers": [5, 2, 0, 0, 0], "participation_answers": [5, 2, 0, 0, 0], "material_answers": [4, 2, 1, 0, 0], "clear_answers": [4, 2, 1, 0, 0], "connection_answers": [1, 3, 1, 0, 1], "worklevel_answers": [0, 0, 4, 3, 0], "prerequisite_answers": [0, 0, 6, 1, 0], "good_answers": [5, 2, 0, 0, 0]}], "eval_points": [{"time": "E-18-13", "learning": 9.285714285714286, "worklevel": 6.071428571428571, "good": 9.285714285714286, "N": 7}], "grades": [{"time": "2020winter", "N_exam": 7, "N_passed": 7, "exam_avg": 8.3, "grade_dist": [0, 3, 4, 0, 0, 0, 0, 1]}, {"time": "2017winter", "N_exam": 19, "N_passed": 17, "exam_avg": 6.9, "grade_dist": [0, 5, 12, 0, 0, 1, 1, 1]}], "course_no": "11831", "grade_percentile": 53.86012715712988, "eval_percentiles": {"learning": 90.3765690376569, "worklevel": 71.9142259414226, "good": 90.74267782426779}, "composites": {"beer_points": 5.229533378660824, "quality_points": 7.740432142352779, "beer_percentiles": 42.676767676767675, "quality_percentiles": 87.12121212121212}}