{"info": {"language": "Dansk", "ECTS": 5, "time": "E5A (ons 8-12)", "level": "Diplomingeni\u00f8r", "name": "BIM og visuel kommunikation", "course_no": "11951"}, "evals": [{"time": "E-18-13", "N_responses": 22, "learning_answers": [4, 8, 7, 3, 0], "participation_answers": [8, 5, 7, 2, 0], "material_answers": [3, 3, 9, 5, 2], "clear_answers": [0, 2, 4, 6, 10], "connection_answers": [1, 5, 6, 6, 3], "worklevel_answers": [0, 2, 12, 3, 4], "prerequisite_answers": [0, 0, 19, 1, 1], "good_answers": [3, 4, 9, 4, 1]}], "eval_points": [{"time": "E-18-13", "learning": 6.477272727272727, "worklevel": 5.795454545454546, "good": 5.227272727272727, "N": 22}], "grades": [{"time": "2019winter", "N_exam": 81, "N_passed": 78, "exam_avg": 7.0, "grade_dist": [6, 19, 37, 9, 7, 3, 0, 2]}, {"time": "2018winter", "N_exam": 59, "N_passed": 54, "exam_avg": 4.9, "grade_dist": [0, 3, 26, 16, 9, 3, 2, 1]}], "course_no": "11951", "grade_percentile": 28.201634877384198, "eval_percentiles": {"learning": 23.535564853556487, "worklevel": 62.97071129707113, "good": 13.859832635983263}, "composites": {"beer_points": 4.729740557344999, "quality_points": 4.174423232465881, "beer_percentiles": 30.681818181818183, "quality_percentiles": 16.54040404040404}}