{"info": {"language": "Dansk", "ECTS": 5, "time": "E5B (ons 13-17)", "level": "Bachelor", "name": "B\u00e6redygtighed og livscyklusvurdering", "course_no": "11997"}, "evals": [{"time": "E-18-13", "N_responses": 25, "learning_answers": [10, 10, 3, 2, 0], "participation_answers": [7, 14, 3, 1, 0], "material_answers": [4, 11, 9, 0, 1], "clear_answers": [1, 10, 10, 3, 0], "connection_answers": [2, 13, 9, 1, 0], "worklevel_answers": [0, 2, 17, 6, 0], "prerequisite_answers": [0, 0, 24, 1, 0], "good_answers": [6, 13, 3, 3, 0]}], "eval_points": [{"time": "E-18-13", "learning": 7.800000000000001, "worklevel": 5.4, "good": 7.199999999999999, "N": 25}], "grades": [{"time": "2020winter", "N_exam": 43, "N_passed": 43, "exam_avg": 9.0, "grade_dist": [6, 22, 12, 3, 0, 0, 0, 1]}, {"time": "2018winter", "N_exam": 41, "N_passed": 41, "exam_avg": 8.4, "grade_dist": [4, 18, 14, 5, 0, 0, 0, 1]}], "course_no": "11997", "grade_percentile": 70.07266121707539, "eval_percentiles": {"learning": 52.82426778242678, "worklevel": 52.19665271966527, "good": 44.35146443514645}, "composites": {"beer_points": 6.192490745637229, "quality_points": 6.746222284987997, "beer_percentiles": 70.01262626262626, "quality_percentiles": 66.47727272727273}}