{"info": {"language": "Engelsk", "ECTS": 5, "time": "Januar", "level": "Kandidat", "name": "Modellering af risiko for urbane oversv\u00f8mmelser", "course_no": "12124"}, "evals": [{"time": "E-18-03", "N_responses": 14, "learning_answers": [11, 1, 1, 0, 1], "participation_answers": [12, 1, 0, 0, 1], "material_answers": [8, 2, 2, 1, 1], "clear_answers": [5, 7, 1, 1, 0], "connection_answers": [8, 5, 0, 1, 0], "worklevel_answers": [0, 0, 2, 4, 8], "prerequisite_answers": [0, 2, 10, 2, 0], "good_answers": [7, 5, 1, 0, 1]}], "eval_points": [{"time": "E-18-03", "learning": 8.75, "worklevel": 8.571428571428571, "good": 8.035714285714286, "N": 14}], "grades": [{"time": "2019winter", "N_exam": 13, "N_passed": 13, "exam_avg": 9.4, "grade_dist": [2, 8, 2, 1, 0, 0, 0, 1]}], "course_no": "12124", "grade_percentile": 78.2016348773842, "eval_percentiles": {"learning": 79.4979079497908, "worklevel": 98.27405857740585, "good": 64.7489539748954}, "composites": {"beer_points": 3.7347334491702555, "quality_points": 6.300764621623258, "beer_percentiles": 13.005050505050505, "quality_percentiles": 55.42929292929293}}