{"info": {"language": "Engelsk", "ECTS": 5, "time": "F5B (ons 13-17)", "level": "Kandidat", "name": "Videreg\u00e5ende Milj\u00f8teknisk Mikrobiologi", "course_no": "12138"}, "evals": [{"time": "F-19-13", "N_responses": 14, "learning_answers": [9, 3, 1, 1, 0], "participation_answers": [12, 1, 0, 1, 0], "material_answers": [7, 5, 1, 1, 0], "clear_answers": [5, 3, 4, 2, 0], "connection_answers": [7, 4, 2, 1, 0], "worklevel_answers": [1, 0, 9, 4, 0], "prerequisite_answers": [0, 0, 12, 1, 1], "good_answers": [9, 4, 0, 0, 1]}], "eval_points": [{"time": "F-19-13", "learning": 8.571428571428571, "worklevel": 5.357142857142857, "good": 8.571428571428571, "N": 14}], "grades": [{"time": "2017summer", "N_exam": 19, "N_passed": 19, "exam_avg": 8.4, "grade_dist": [0, 9, 10, 0, 0, 0, 0, 1]}, {"time": "2016summer", "N_exam": 27, "N_passed": 27, "exam_avg": 7.7, "grade_dist": [0, 13, 7, 7, 0, 0, 0, 2]}, {"time": "2013summer", "N_exam": 11, "N_passed": 11, "exam_avg": 9.2, "grade_dist": [0, 8, 3, 0, 0, 0, 0, 1]}], "course_no": "12138", "grade_percentile": 56.31244323342416, "eval_percentiles": {"learning": 74.52928870292887, "worklevel": 50.47071129707113, "good": 76.98744769874477}, "composites": {"beer_points": 5.890307471481453, "quality_points": 7.462828091270403, "beer_percentiles": 62.121212121212125, "quality_percentiles": 81.31313131313131}}