{"info": {"language": "Engelsk", "ECTS": 5, "time": "E2B (tors 8-12)", "level": "Kandidat", "name": "Urban luftforurening", "course_no": "12228"}, "evals": [{"time": "E-18-13", "N_responses": 22, "learning_answers": [8, 12, 2, 0, 0], "participation_answers": [14, 4, 2, 2, 0], "material_answers": [9, 10, 3, 0, 0], "clear_answers": [5, 7, 7, 2, 1], "connection_answers": [12, 7, 2, 1, 0], "worklevel_answers": [1, 3, 17, 0, 1], "prerequisite_answers": [0, 1, 20, 0, 0], "good_answers": [11, 10, 1, 0, 0]}], "eval_points": [{"time": "E-18-13", "learning": 8.181818181818182, "worklevel": 4.659090909090909, "good": 8.636363636363637, "N": 22}], "grades": [{"time": "2022winter", "N_exam": 55, "N_passed": 55, "exam_avg": 9.0, "grade_dist": [0, 38, 16, 1, 0, 0, 0, 1]}, {"time": "2021winter", "N_exam": 40, "N_passed": 40, "exam_avg": 8.6, "grade_dist": [1, 22, 15, 2, 0, 0, 0, 1]}], "course_no": "12228", "grade_percentile": 69.77800201816348, "eval_percentiles": {"learning": 62.93800539083558, "worklevel": 24.056603773584904, "good": 77.35849056603773}, "composites": {"beer_points": 6.840723453908985, "quality_points": 7.766517011800032, "beer_percentiles": 84.56591639871382, "quality_percentiles": 88.7459807073955}}