{"info": {"language": "Engelsk", "ECTS": 5, "time": "F2B (tors 8-12)", "level": "Kandidat", "name": "Regionale og globale luftforureningseffekter", "course_no": "12227"}, "evals": [{"time": "F-19-13", "N_responses": 25, "learning_answers": [9, 6, 8, 2, 0], "participation_answers": [5, 5, 10, 4, 1], "material_answers": [7, 6, 8, 4, 0], "clear_answers": [3, 6, 12, 2, 2], "connection_answers": [5, 13, 5, 1, 0], "worklevel_answers": [0, 7, 15, 3, 0], "prerequisite_answers": [0, 1, 24, 0, 0], "good_answers": [8, 5, 10, 2, 0]}], "eval_points": [{"time": "F-19-13", "learning": 7.199999999999999, "worklevel": 4.6000000000000005, "good": 6.8999999999999995, "N": 25}], "grades": [{"time": "2022summer", "N_exam": 47, "N_passed": 47, "exam_avg": 8.9, "grade_dist": [6, 21, 18, 2, 0, 0, 0, 1]}, {"time": "2021summer", "N_exam": 38, "N_passed": 38, "exam_avg": 8.9, "grade_dist": [3, 21, 12, 2, 0, 0, 0, 1]}, {"time": "2018summer", "N_exam": 35, "N_passed": 34, "exam_avg": 7.6, "grade_dist": [1, 13, 15, 5, 0, 1, 0, 1]}], "course_no": "12227", "grade_percentile": 66.84100418410041, "eval_percentiles": {"learning": 34.345479082321184, "worklevel": 21.59244264507422, "good": 35.62753036437247}, "composites": {"beer_points": 6.752170096557105, "quality_points": 6.4845250800426895, "beer_percentiles": 84.16801292407108, "quality_percentiles": 63.24717285945073}}