{"info": {"language": "Engelsk", "ECTS": 5, "time": "E4A (tirs 13-17)", "level": "Kandidat", "name": "Grundvandskvalitet", "course_no": "12336"}, "evals": [{"time": "E-18-13", "N_responses": 13, "learning_answers": [3, 8, 0, 2, 0], "participation_answers": [7, 4, 2, 0, 0], "material_answers": [2, 7, 4, 0, 0], "clear_answers": [2, 4, 5, 1, 1], "connection_answers": [5, 7, 1, 0, 0], "worklevel_answers": [0, 2, 6, 4, 1], "prerequisite_answers": [0, 2, 10, 1, 0], "good_answers": [6, 6, 0, 1, 0]}], "eval_points": [{"time": "E-18-13", "learning": 7.3076923076923075, "worklevel": 5.769230769230768, "good": 8.269230769230768, "N": 13}], "grades": [{"time": "2020winter", "N_exam": 21, "N_passed": 21, "exam_avg": 9.0, "grade_dist": [4, 10, 4, 3, 0, 0, 0, 1]}, {"time": "2018winter", "N_exam": 21, "N_passed": 21, "exam_avg": 8.3, "grade_dist": [4, 6, 8, 2, 1, 0, 0, 1]}, {"time": "2017winter", "N_exam": 19, "N_passed": 19, "exam_avg": 8.5, "grade_dist": [4, 6, 6, 3, 0, 0, 0, 1]}], "course_no": "12336", "grade_percentile": 69.40376569037656, "eval_percentiles": {"learning": 36.43724696356275, "worklevel": 64.5748987854251, "good": 69.83805668016194}, "composites": {"beer_points": 5.73595720577092, "quality_points": 6.667268697151301, "beer_percentiles": 61.066235864297255, "quality_percentiles": 67.20516962843296}}