{"info": {"language": "Engelsk", "ECTS": 7.5, "time": "Efter\u00e5r", "level": "Kandidat", "name": "Safety and health effects of aquatic food", "course_no": "23154"}, "evals": [{"time": "E-18-13", "N_responses": 15, "learning_answers": [8, 4, 0, 2, 1], "participation_answers": [8, 5, 0, 2, 0], "material_answers": [8, 5, 0, 2, 0], "clear_answers": [7, 3, 1, 2, 0], "connection_answers": [10, 2, 3, 0, 0], "worklevel_answers": [0, 2, 4, 6, 3], "prerequisite_answers": [1, 1, 9, 4, 0], "good_answers": [9, 3, 0, 2, 0]}], "eval_points": [{"time": "E-18-13", "learning": 7.666666666666667, "worklevel": 6.666666666666666, "good": 7.833333333333333, "N": 15}], "grades": [{"time": "2018winter", "N_exam": 5, "N_passed": 5, "exam_avg": 6.6, "grade_dist": [0, 2, 1, 1, 1, 0, 0, 21]}, {"time": "2013winter", "N_exam": 4, "N_passed": 4, "exam_avg": 7.8, "grade_dist": [0, 1, 3, 0, 0, 0, 0, 2]}], "course_no": "23154", "grade_percentile": 22.297910990009083, "eval_percentiles": {"learning": 50.26150627615063, "worklevel": 82.94979079497908, "good": 60.93096234309623}, "composites": {"beer_points": 3.7669663317468713, "quality_points": 5.315162641811422, "beer_percentiles": 13.51010101010101, "quality_percentiles": 35.22727272727273}}