{"info": {"language": "Engelsk", "ECTS": 5, "time": "E4B (fre 8-12)", "level": "Kandidat", "name": "Bek\u00e6mpelse af infektionssygdomme", "course_no": "23205"}, "evals": [{"time": "E-18-13", "N_responses": 15, "learning_answers": [9, 4, 2, 0, 0], "participation_answers": [5, 6, 4, 0, 0], "material_answers": [6, 5, 4, 0, 0], "clear_answers": [5, 4, 6, 0, 0], "connection_answers": [8, 5, 2, 0, 0], "worklevel_answers": [1, 1, 10, 1, 2], "prerequisite_answers": [0, 1, 14, 0, 0], "good_answers": [9, 4, 2, 0, 0]}], "eval_points": [{"time": "E-18-13", "learning": 8.666666666666668, "worklevel": 5.333333333333333, "good": 8.666666666666668, "N": 15}], "grades": [{"time": "2020winter", "N_exam": 34, "N_passed": 34, "exam_avg": 9.2, "grade_dist": [8, 15, 8, 3, 0, 0, 0, 5]}], "course_no": "23205", "grade_percentile": 74.52316076294278, "eval_percentiles": {"learning": 76.0460251046025, "worklevel": 49.42468619246862, "good": 79.07949790794979}, "composites": {"beer_points": 6.3617133791644624, "quality_points": 7.921197570964555, "beer_percentiles": 73.92676767676768, "quality_percentiles": 89.64646464646465}}