{"info": {"language": "Engelsk", "ECTS": 5, "time": "E5B (ons 13-17)", "level": "Kandidat", "name": "Pr\u00e6diktiv f\u00f8devaremikrobiologi og konservering", "course_no": "23210"}, "evals": [{"time": "E-18-13", "N_responses": 9, "learning_answers": [3, 3, 3, 0, 0], "participation_answers": [5, 1, 3, 0, 0], "material_answers": [0, 5, 3, 1, 0], "clear_answers": [0, 3, 5, 1, 0], "connection_answers": [2, 5, 2, 0, 0], "worklevel_answers": [0, 2, 6, 1, 0], "prerequisite_answers": [0, 1, 8, 0, 0], "good_answers": [1, 5, 3, 0, 0]}], "eval_points": [{"time": "E-18-13", "learning": 7.5, "worklevel": 4.722222222222222, "good": 6.944444444444445, "N": 9}], "grades": [{"time": "2022winter", "N_exam": 13, "N_passed": 13, "exam_avg": 8.9, "grade_dist": [2, 5, 6, 0, 0, 0, 0, 1]}], "course_no": "23210", "grade_percentile": 67.15438950554996, "eval_percentiles": {"learning": 41.846361185983824, "worklevel": 25.40431266846361, "good": 36.455525606469}, "composites": {"beer_points": 6.724102165175678, "quality_points": 6.651978538770993, "beer_percentiles": 82.95819935691318, "quality_percentiles": 64.79099678456592}}