{"info": {"language": "Dansk", "ECTS": 5, "time": "For\u00e5r  og  Efter\u00e5r", "level": "Diplomingeni\u00f8r", "name": "Element\u00e6re modeller og statistik i R", "course_no": "25205"}, "grades": [{"time": "2022winter", "N_exam": 4, "N_passed": 4, "exam_avg": 9.0, "grade_dist": [1, 1, 2, 0, 0, 0, 0, 1]}, {"time": "2021summer", "N_exam": 5, "N_passed": 5, "exam_avg": 8.2, "grade_dist": [1, 2, 1, 0, 1, 0, 0, 1]}], "course_no": "25205", "grade_percentile": 24.06659939455096, "eval_percentiles": {"learning": 23.315363881401616, "worklevel": 12.938005390835578, "good": 29.514824797843662}, "composites": {"beer_points": 5.913746160758594, "quality_points": 5.359050557489073, "beer_percentiles": 62.21864951768489, "quality_percentiles": 36.17363344051447}}