{"info": {"language": "Engelsk", "ECTS": 5, "time": "Januar", "level": "Kandidat", "name": "Genetiske metoder inden for akvakultur", "course_no": "25315"}, "grades": [{"time": "2014winter", "N_exam": 4, "N_passed": 4, "exam_avg": 11.0, "grade_dist": [2, 2, 0, 0, 0, 0, 0, 1]}, {"time": "2010winter", "N_exam": 5, "N_passed": 5, "exam_avg": 10.2, "grade_dist": [2, 2, 1, 0, 0, 0, 0, 1]}], "course_no": "25315", "grade_percentile": 83.96911898274296, "eval_percentiles": {"learning": 26.62133891213389, "worklevel": 11.715481171548117, "good": 89.17364016736401}, "composites": {"beer_points": 7.630883130618719, "quality_points": 7.9965164995527935, "beer_percentiles": 94.88636363636364, "quality_percentiles": 90.65656565656566}}