{"info": {"language": "Engelsk", "ECTS": 5, "time": "Januar", "level": "Kandidat", "name": "Genetiske metoder inden for akvakultur", "course_no": "25315"}, "grades": [{"time": "2014winter", "N_exam": 4, "N_passed": 4, "exam_avg": 11.0, "grade_dist": [2, 2, 0, 0, 0, 0, 0, 1]}, {"time": "2010winter", "N_exam": 5, "N_passed": 5, "exam_avg": 10.2, "grade_dist": [2, 2, 1, 0, 0, 0, 0, 1]}], "course_no": "25315", "grade_percentile": 64.73259334006055, "eval_percentiles": {"learning": 65.36388140161725, "worklevel": 36.72506738544474, "good": 74.46091644204851}, "composites": {"beer_points": 6.414624659665499, "quality_points": 7.498921272506179, "beer_percentiles": 74.51768488745981, "quality_percentiles": 83.44051446945338}}