{"info": {"language": "Engelsk", "ECTS": 5, "time": "Januar", "level": "Kandidat", "name": "Genetiske metoder inden for akvakultur", "course_no": "25315"}, "grades": [{"time": "2014winter", "N_exam": 4, "N_passed": 4, "exam_avg": 11.0, "grade_dist": [2, 2, 0, 0, 0, 0, 0, 1]}, {"time": "2010winter", "N_exam": 5, "N_passed": 5, "exam_avg": 10.2, "grade_dist": [2, 2, 1, 0, 0, 0, 0, 1]}], "course_no": "25315", "grade_percentile": 64.48744769874477, "eval_percentiles": {"learning": 65.45209176788124, "worklevel": 36.70715249662618, "good": 74.56140350877193}, "composites": {"beer_points": 6.32205208231737, "quality_points": 7.448239060832446, "beer_percentiles": 74.1518578352181, "quality_percentiles": 83.52180936995154}}