{"info": {"language": "Engelsk", "ECTS": 5, "time": "E5A (ons 8-12)", "level": "Kandidat", "name": "Forvaltning af akvatiske \u00f8kosystemer", "course_no": "25318"}, "evals": [{"time": "E-18-13", "N_responses": 13, "learning_answers": [5, 5, 0, 2, 1], "participation_answers": [5, 5, 1, 1, 1], "material_answers": [2, 8, 2, 1, 0], "clear_answers": [1, 6, 5, 0, 1], "connection_answers": [5, 5, 2, 1, 0], "worklevel_answers": [1, 2, 8, 2, 0], "prerequisite_answers": [0, 0, 12, 1, 0], "good_answers": [7, 4, 1, 1, 0]}], "eval_points": [{"time": "E-18-13", "learning": 7.115384615384616, "worklevel": 4.615384615384616, "good": 8.269230769230768, "N": 13}], "grades": [{"time": "2015winter", "N_exam": 18, "N_passed": 18, "exam_avg": 10.0, "grade_dist": [0, 1, 0, 0, 0, 0, 0, 17, 0, 3]}], "course_no": "25318", "grade_percentile": 89.38284518828452, "eval_percentiles": {"learning": 18.62348178137652, "worklevel": 27.125506072874494, "good": 20.3778677462888}, "composites": {"beer_points": 7.33031573907415, "quality_points": 6.02406131755118, "beer_percentiles": 92.08400646203555, "quality_percentiles": 52.18093699515347}}