{"info": {"language": "Engelsk", "ECTS": 5, "time": "Juni", "level": "Kandidat", "name": "Akvatisk feltarbejde", "course_no": "25324"}, "evals": [{"time": "F-19-03JUN", "N_responses": 7, "learning_answers": [1, 4, 1, 0, 1], "participation_answers": [3, 2, 1, 1, 0], "material_answers": [0, 1, 3, 2, 1], "clear_answers": [1, 2, 2, 1, 1], "connection_answers": [2, 2, 1, 1, 1], "worklevel_answers": [0, 1, 5, 1, 0], "prerequisite_answers": [0, 4, 3, 0, 0], "good_answers": [3, 2, 1, 0, 1]}], "eval_points": [{"time": "F-19-03JUN", "learning": 6.428571428571429, "worklevel": 5.0, "good": 7.142857142857143, "N": 7}], "course_no": "25324", "grade_percentile": 81.88010899182561, "eval_percentiles": {"learning": 8.315899581589958, "worklevel": 0.8891213389121339, "good": 3.8179916317991633}, "composites": {"beer_points": 8.984664198836594, "quality_points": 5.503459963282023, "beer_percentiles": 99.74747474747475, "quality_percentiles": 39.33080808080808}}