{"info": {"language": "Engelsk", "ECTS": 5, "time": "E5A (ons 8-12)", "level": "Kandidat", "name": "Genomiske metoder til avl og forvaltning af vandlevende ressourcer", "course_no": "25334"}, "grades": [{"time": "2020winter", "N_exam": 5, "N_passed": 5, "exam_avg": 11.6, "grade_dist": [4, 1, 0, 0, 0, 0, 0, 1]}, {"time": "2019winter", "N_exam": 5, "N_passed": 5, "exam_avg": 7.0, "grade_dist": [0, 1, 3, 1, 0, 0, 0, 2]}], "course_no": "25334", "grade_percentile": 78.2016348773842, "eval_percentiles": {"learning": 59.10041841004184, "worklevel": 69.56066945606695, "good": 17.207112970711297}, "composites": {"beer_points": 5.910453023091838, "quality_points": 5.97796921338794, "beer_percentiles": 62.75252525252525, "quality_percentiles": 48.5479797979798}}