{"info": {"language": "Engelsk", "ECTS": 5, "time": "Juni", "level": "Bachelor, Kandidat", "name": "Computerbaserede metoder i kemi og biologi", "course_no": "26245"}, "evals": [{"time": "F-19-03JUN", "N_responses": 6, "learning_answers": [4, 1, 0, 1, 0], "participation_answers": [5, 1, 0, 0, 0], "material_answers": [0, 2, 3, 1, 0], "clear_answers": [0, 4, 2, 0, 0], "connection_answers": [2, 2, 2, 0, 0], "worklevel_answers": [1, 1, 4, 0, 0], "prerequisite_answers": [0, 0, 6, 0, 0], "good_answers": [4, 2, 0, 0, 0]}, {"time": "F-18-03JUN", "N_responses": 11, "learning_answers": [8, 3, 0, 0, 0], "participation_answers": [8, 3, 0, 0, 0], "material_answers": [6, 3, 1, 1, 0], "clear_answers": [8, 2, 1, 0, 0], "connection_answers": [8, 2, 1, 0, 0], "worklevel_answers": [0, 3, 7, 0, 1], "prerequisite_answers": [0, 1, 9, 1, 0], "good_answers": [7, 3, 1, 0, 0]}], "eval_points": [{"time": "F-19-03JUN", "learning": 8.333333333333334, "worklevel": 3.75, "good": 9.166666666666666, "N": 6}, {"time": "F-18-03JUN", "learning": 9.318181818181818, "worklevel": 4.772727272727273, "good": 8.863636363636363, "N": 11}], "course_no": "26245", "grade_percentile": 21.19071644803229, "eval_percentiles": {"learning": 74.46091644204851, "worklevel": 17.92452830188679, "good": 43.93530997304582}, "composites": {"beer_points": 5.578179696616103, "quality_points": 6.391166202486956, "beer_percentiles": 54.18006430868167, "quality_percentiles": 58.19935691318328}}