{"info": {"language": "Engelsk", "ECTS": 5, "time": "Juni", "level": "Bachelor, Kandidat", "name": "Computerbaserede metoder i kemi og biologi", "course_no": "26245"}, "evals": [{"time": "F-19-03JUN", "N_responses": 6, "learning_answers": [4, 1, 0, 1, 0], "participation_answers": [5, 1, 0, 0, 0], "material_answers": [0, 2, 3, 1, 0], "clear_answers": [0, 4, 2, 0, 0], "connection_answers": [2, 2, 2, 0, 0], "worklevel_answers": [1, 1, 4, 0, 0], "prerequisite_answers": [0, 0, 6, 0, 0], "good_answers": [4, 2, 0, 0, 0]}, {"time": "F-18-03JUN", "N_responses": 11, "learning_answers": [8, 3, 0, 0, 0], "participation_answers": [8, 3, 0, 0, 0], "material_answers": [6, 3, 1, 1, 0], "clear_answers": [8, 2, 1, 0, 0], "connection_answers": [8, 2, 1, 0, 0], "worklevel_answers": [0, 3, 7, 0, 1], "prerequisite_answers": [0, 1, 9, 1, 0], "good_answers": [7, 3, 1, 0, 0]}], "eval_points": [{"time": "F-19-03JUN", "learning": 8.333333333333334, "worklevel": 3.75, "good": 9.166666666666666, "N": 6}, {"time": "F-18-03JUN", "learning": 9.318181818181818, "worklevel": 4.772727272727273, "good": 8.863636363636363, "N": 11}], "course_no": "26245", "grade_percentile": 20.815899581589957, "eval_percentiles": {"learning": 74.56140350877193, "worklevel": 17.94871794871795, "good": 43.99460188933873}, "composites": {"beer_points": 5.464010533502389, "quality_points": 6.318036286019209, "beer_percentiles": 54.76575121163167, "quality_percentiles": 58.48142164781906}}