{"info": {"language": "Dansk", "ECTS": 5, "time": "F4A (tirs 13-17)  ,  F5B (ons 13-17)  og  F1B (tors 13-17)  eller  F3B (fre 13-17)", "level": "Bachelor", "name": "Laboratoriemetodik", "course_no": "26301"}, "evals": [{"time": "F-19-13", "N_responses": 18, "learning_answers": [0, 8, 5, 3, 1], "participation_answers": [10, 4, 1, 1, 2], "material_answers": [0, 5, 9, 3, 1], "clear_answers": [4, 7, 4, 2, 1], "connection_answers": [1, 6, 9, 1, 1], "worklevel_answers": [1, 1, 10, 5, 1], "prerequisite_answers": [0, 0, 15, 2, 0], "good_answers": [3, 7, 4, 2, 2]}, {"time": "F-18-13", "N_responses": 23, "learning_answers": [1, 11, 7, 4, 0], "participation_answers": [10, 11, 1, 1, 0], "material_answers": [1, 10, 6, 5, 1], "clear_answers": [3, 5, 5, 8, 2], "connection_answers": [5, 6, 7, 4, 1], "worklevel_answers": [0, 0, 4, 6, 13], "prerequisite_answers": [0, 0, 21, 2, 0], "good_answers": [3, 10, 7, 2, 1]}], "eval_points": [{"time": "F-19-13", "learning": 5.138888888888888, "worklevel": 5.555555555555555, "good": 5.972222222222222, "N": 18}, {"time": "F-18-13", "learning": 5.978260869565217, "worklevel": 8.478260869565217, "good": 6.304347826086957, "N": 23}], "course_no": "26301", "grade_percentile": 5.49949545913219, "eval_percentiles": {"learning": 85.5121293800539, "worklevel": 50.876010781671155, "good": 85.17520215633422}, "composites": {"beer_points": 3.53947880202256, "quality_points": 6.012500163443561, "beer_percentiles": 13.906752411575564, "quality_percentiles": 50.48231511254019}}