{"info": {"language": "Dansk", "ECTS": 5, "time": "Juni", "level": "Diplomingeni\u00f8r", "name": "Anvendelse af analytisk kemi i uorganisk og fysisk  kemi, laboratoriekursus", "course_no": "26374"}, "evals": [{"time": "E-18-03", "N_responses": 15, "learning_answers": [3, 8, 1, 1, 2], "participation_answers": [8, 4, 0, 2, 1], "material_answers": [4, 3, 6, 1, 1], "clear_answers": [6, 3, 3, 1, 2], "connection_answers": [7, 3, 2, 2, 1], "worklevel_answers": [2, 3, 8, 1, 1], "prerequisite_answers": [1, 3, 10, 1, 0], "good_answers": [5, 5, 1, 1, 3]}], "eval_points": [{"time": "E-18-03", "learning": 6.5, "worklevel": 4.333333333333334, "good": 6.333333333333333, "N": 15}], "course_no": "26374", "grade_percentile": 72.3326359832636, "eval_percentiles": {"learning": 97.16599190283401, "worklevel": 92.98245614035088, "good": 85.29014844804318}, "composites": {"beer_points": 4.202184726421535, "quality_points": 7.470651013874068, "beer_percentiles": 22.940226171243943, "quality_percentiles": 83.8449111470113}}