{"info": {"language": "Dansk", "ECTS": 5, "time": "Juni", "level": "Diplomingeni\u00f8r", "name": "Anvendelse af analytisk kemi i uorganisk og fysisk  kemi, laboratoriekursus", "course_no": "26374"}, "evals": [{"time": "E-18-03", "N_responses": 15, "learning_answers": [3, 8, 1, 1, 2], "participation_answers": [8, 4, 0, 2, 1], "material_answers": [4, 3, 6, 1, 1], "clear_answers": [6, 3, 3, 1, 2], "connection_answers": [7, 3, 2, 2, 1], "worklevel_answers": [2, 3, 8, 1, 1], "prerequisite_answers": [1, 3, 10, 1, 0], "good_answers": [5, 5, 1, 1, 3]}], "eval_points": [{"time": "E-18-03", "learning": 6.5, "worklevel": 4.333333333333334, "good": 6.333333333333333, "N": 15}], "course_no": "26374", "grade_percentile": 72.45206861755803, "eval_percentiles": {"learning": 97.1698113207547, "worklevel": 92.99191374663071, "good": 85.17520215633422}, "composites": {"beer_points": 4.348113574484636, "quality_points": 7.520888086925825, "beer_percentiles": 23.311897106109324, "quality_percentiles": 83.7620578778135}}