{"info": {"language": "Engelsk", "ECTS": 5, "time": "E5 (ons 8-17)  eller    E2A (man 13-17)  og  E3A (tirs 8-12)  eller  F5 (ons 8-17)  eller    F2A (man 13-17)  og  F3A (tirs 8-12)", "level": "Bachelor", "name": "\u00d8velser i organisk kemi", "course_no": "26407"}, "evals": [{"time": "F-19-13", "N_responses": 9, "learning_answers": [6, 2, 1, 0, 0], "participation_answers": [8, 1, 0, 0, 0], "material_answers": [3, 5, 1, 0, 0], "clear_answers": [5, 3, 1, 0, 0], "connection_answers": [7, 1, 1, 0, 0], "worklevel_answers": [0, 0, 2, 5, 2], "prerequisite_answers": [0, 0, 9, 0, 0], "good_answers": [6, 3, 0, 0, 0]}, {"time": "F-18-13", "N_responses": 12, "learning_answers": [9, 2, 1, 0, 0], "participation_answers": [11, 1, 0, 0, 0], "material_answers": [7, 4, 1, 0, 0], "clear_answers": [9, 2, 1, 0, 0], "connection_answers": [12, 0, 0, 0, 0], "worklevel_answers": [0, 1, 6, 5, 0], "prerequisite_answers": [0, 0, 12, 0, 0], "good_answers": [8, 4, 0, 0, 0]}], "eval_points": [{"time": "F-19-13", "learning": 8.88888888888889, "worklevel": 7.5, "good": 9.166666666666666, "N": 9}, {"time": "F-18-13", "learning": 9.166666666666666, "worklevel": 5.833333333333334, "good": 9.166666666666666, "N": 12}], "course_no": "26407", "grade_percentile": 69.77800201816348, "eval_percentiles": {"learning": 61.52291105121294, "worklevel": 61.18598382749326, "good": 80.32345013477088}, "composites": {"beer_points": 5.972870478413069, "quality_points": 7.367120385988311, "beer_percentiles": 64.14790996784566, "quality_percentiles": 80.62700964630226}}