{"info": {"language": "Dansk", "ECTS": 5, "time": "Juni", "level": "Bachelor, Kandidat", "name": "Kemi og Innovation", "course_no": "26610"}, "evals": [{"time": "F-19-03JUN", "N_responses": 3, "learning_answers": [1, 1, 0, 1, 0], "participation_answers": [2, 0, 1, 0, 0], "material_answers": [1, 1, 1, 0, 0], "clear_answers": [1, 1, 0, 1, 0], "connection_answers": [1, 1, 1, 0, 0], "worklevel_answers": [0, 1, 2, 0, 0], "prerequisite_answers": [0, 1, 2, 0, 0], "good_answers": [1, 2, 0, 0, 0]}], "eval_points": [{"time": "F-19-03JUN", "learning": 6.666666666666666, "worklevel": 4.166666666666667, "good": 8.333333333333334, "N": 3}], "course_no": "26610", "grade_percentile": 42.77929155313352, "eval_percentiles": {"learning": 44.24686192468619, "worklevel": 50.47071129707113, "good": 61.76778242677824}, "composites": {"beer_points": 5.5518622044269845, "quality_points": 6.384691427764441, "beer_percentiles": 52.65151515151515, "quality_percentiles": 57.323232323232325}}