{"info": {"language": "Engelsk", "ECTS": 5, "time": "Juni", "level": "Kandidat", "name": "Assayteknologi", "course_no": "27101"}, "evals": [{"time": "F-19-03JUN", "N_responses": 26, "learning_answers": [18, 2, 5, 1, 0], "participation_answers": [15, 8, 2, 1, 0], "material_answers": [6, 10, 10, 0, 0], "clear_answers": [3, 5, 12, 4, 2], "connection_answers": [6, 15, 4, 1, 0], "worklevel_answers": [0, 4, 18, 4, 0], "prerequisite_answers": [0, 1, 23, 1, 1], "good_answers": [10, 9, 3, 4, 0]}], "eval_points": [{"time": "F-19-03JUN", "learning": 8.557692307692307, "worklevel": 5.0, "good": 7.403846153846154, "N": 26}], "grades": [{"time": "2019summer", "N_exam": 43, "N_passed": 43, "exam_avg": 10.7, "grade_dist": [17, 25, 1, 0, 0, 0, 0, 2]}], "course_no": "27101", "grade_percentile": 2.169525731584258, "eval_percentiles": {"learning": 25.606469002695416, "worklevel": 81.80592991913745, "good": 15.768194070080861}, "composites": {"beer_points": 1.809023726176585, "quality_points": 2.4177403422686448, "beer_percentiles": 2.572347266881029, "quality_percentiles": 4.019292604501608}}