{"info": {"language": "Engelsk", "ECTS": 5, "time": "E7 (tirs 18-22)", "level": "Kandidat", "name": "Anvendt enzymteknologi og kinetik", "course_no": "27246"}, "evals": [{"time": "E-18-13", "N_responses": 22, "learning_answers": [4, 13, 3, 1, 1], "participation_answers": [3, 6, 8, 4, 0], "material_answers": [2, 6, 6, 5, 2], "clear_answers": [2, 8, 4, 5, 1], "connection_answers": [5, 10, 3, 2, 1], "worklevel_answers": [1, 4, 12, 3, 1], "prerequisite_answers": [1, 0, 20, 0, 0], "good_answers": [4, 10, 5, 1, 1]}], "eval_points": [{"time": "E-18-13", "learning": 7.045454545454546, "worklevel": 4.659090909090909, "good": 6.477272727272727, "N": 22}], "grades": [{"time": "2021winter", "N_exam": 38, "N_passed": 33, "exam_avg": 7.3, "grade_dist": [9, 8, 9, 7, 0, 5, 0, 2]}, {"time": "2020winter", "N_exam": 31, "N_passed": 31, "exam_avg": 9.8, "grade_dist": [9, 14, 8, 0, 0, 0, 0, 4]}, {"time": "2019winter", "N_exam": 41, "N_passed": 39, "exam_avg": 8.4, "grade_dist": [6, 17, 13, 3, 0, 2, 0, 2]}, {"time": "2018winter", "N_exam": 42, "N_passed": 33, "exam_avg": 5.4, "grade_dist": [5, 8, 8, 4, 8, 9, 0, 8]}], "course_no": "27246", "grade_percentile": 51.41271442986882, "eval_percentiles": {"learning": 74.93261455525607, "worklevel": 28.504043126684635, "good": 73.71967654986523}, "composites": {"beer_points": 6.208381952547646, "quality_points": 7.44001027019895, "beer_percentiles": 71.06109324758843, "quality_percentiles": 82.63665594855306}}