{"info": {"language": "Engelsk", "ECTS": 5, "time": "E2A (man 13-17)", "level": "Kandidat", "name": "Metoder i proteinkarakterisering", "course_no": "27303"}, "grades": [{"time": "2019winter", "N_exam": 30, "N_passed": 30, "exam_avg": 7.0, "grade_dist": [2, 8, 11, 6, 3, 0, 0, 3]}, {"time": "2018winter", "N_exam": 19, "N_passed": 19, "exam_avg": 7.4, "grade_dist": [3, 5, 5, 4, 2, 0, 0, 2]}, {"time": "2017winter", "N_exam": 51, "N_passed": 48, "exam_avg": 7.1, "grade_dist": [7, 14, 14, 6, 7, 3, 0, 1]}, {"time": "2016winter", "N_exam": 29, "N_passed": 28, "exam_avg": 6.8, "grade_dist": [3, 7, 8, 7, 3, 1, 0, 1]}], "course_no": "27303", "grade_percentile": 95.45913218970736, "eval_percentiles": {"learning": 73.8544474393531, "worklevel": 36.72506738544474, "good": 45.822102425876004}, "composites": {"beer_points": 7.5527032283158295, "quality_points": 7.987260454604431, "beer_percentiles": 94.45337620578778, "quality_percentiles": 91.96141479099678}}