{"info": {"language": "Engelsk", "ECTS": 5, "time": "E2A (man 13-17)", "level": "Kandidat", "name": "Metoder i proteinkarakterisering", "course_no": "27303"}, "grades": [{"time": "2019winter", "N_exam": 30, "N_passed": 30, "exam_avg": 7.0, "grade_dist": [2, 8, 11, 6, 3, 0, 0, 3]}, {"time": "2018winter", "N_exam": 19, "N_passed": 19, "exam_avg": 7.4, "grade_dist": [3, 5, 5, 4, 2, 0, 0, 2]}, {"time": "2017winter", "N_exam": 51, "N_passed": 48, "exam_avg": 7.1, "grade_dist": [7, 14, 14, 6, 7, 3, 0, 1]}, {"time": "2016winter", "N_exam": 29, "N_passed": 28, "exam_avg": 6.8, "grade_dist": [3, 7, 8, 7, 3, 1, 0, 1]}], "course_no": "27303", "grade_percentile": 33.69663941871026, "eval_percentiles": {"learning": 59.10041841004184, "worklevel": 42.46861924686193, "good": 48.22175732217573}, "composites": {"beer_points": 5.487396439273753, "quality_points": 6.294308713458552, "beer_percentiles": 50.88383838383838, "quality_percentiles": 55.23989898989899}}