{"info": {"language": "Engelsk", "ECTS": 5, "time": "E4A (tirs 13-17)", "level": "Kandidat", "name": "Computerst\u00f8ttet design af cellefabrikker", "course_no": "27410"}, "grades": [{"time": "2021winter", "N_exam": 60, "N_passed": 60, "exam_avg": 9.3, "grade_dist": [16, 26, 12, 4, 2, 0, 0, 1]}, {"time": "2020winter", "N_exam": 63, "N_passed": 62, "exam_avg": 10.3, "grade_dist": [25, 33, 2, 1, 1, 1, 0, 1]}], "course_no": "27410", "grade_percentile": 15.899581589958158, "eval_percentiles": {"learning": 57.35492577597841, "worklevel": 44.06207827260459, "good": 45.614035087719294}, "composites": {"beer_points": 4.570857310055595, "quality_points": 5.588046958377801, "beer_percentiles": 31.26009693053312, "quality_percentiles": 41.841680129240714}}