{"info": {"language": "Engelsk", "ECTS": 5, "time": "E4A (tirs 13-17)", "level": "Kandidat", "name": "Computerst\u00f8ttet design af cellefabrikker", "course_no": "27410"}, "grades": [{"time": "2021winter", "N_exam": 60, "N_passed": 60, "exam_avg": 9.3, "grade_dist": [16, 26, 12, 4, 2, 0, 0, 1]}, {"time": "2020winter", "N_exam": 63, "N_passed": 62, "exam_avg": 10.3, "grade_dist": [25, 33, 2, 1, 1, 1, 0, 1]}], "course_no": "27410", "grade_percentile": 16.094853683148337, "eval_percentiles": {"learning": 57.27762803234501, "worklevel": 44.13746630727763, "good": 45.55256064690027}, "composites": {"beer_points": 4.707506806690004, "quality_points": 5.675675675675676, "beer_percentiles": 31.109324758842444, "quality_percentiles": 41.80064308681672}}