{"info": {"language": "Engelsk", "ECTS": 5, "time": "E3A (tirs 8-12)", "level": "Kandidat", "name": "Metabolom- og proteomanalyse", "course_no": "27423"}, "grades": [{"time": "2021winter", "N_exam": 75, "N_passed": 70, "exam_avg": 9.0, "grade_dist": [32, 19, 9, 9, 1, 5, 0, 5]}, {"time": "2020winter", "N_exam": 68, "N_passed": 64, "exam_avg": 9.4, "grade_dist": [32, 19, 6, 6, 1, 4, 0, 3, 3]}, {"time": "2019winter", "N_exam": 57, "N_passed": 56, "exam_avg": 9.5, "grade_dist": [22, 18, 9, 6, 1, 0, 0, 0, 1, 3]}], "course_no": "27423", "grade_percentile": 64.48744769874477, "eval_percentiles": {"learning": 48.313090418353575, "worklevel": 46.82860998650472, "good": 64.03508771929825}, "composites": {"beer_points": 6.144805647877919, "quality_points": 6.922420162548232, "beer_percentiles": 71.89014539579968, "quality_percentiles": 71.89014539579968}}