{"info": {"language": "Engelsk", "ECTS": 5, "time": "E3A (tirs 8-12)", "level": "Kandidat", "name": "Metabolom- og proteomanalyse", "course_no": "27423"}, "grades": [{"time": "2022winter", "N_exam": 60, "N_passed": 59, "exam_avg": 9.8, "grade_dist": [32, 15, 4, 6, 2, 1, 0, 4]}, {"time": "2021winter", "N_exam": 75, "N_passed": 70, "exam_avg": 9.0, "grade_dist": [32, 19, 9, 9, 1, 5, 0, 5]}, {"time": "2020winter", "N_exam": 68, "N_passed": 64, "exam_avg": 9.4, "grade_dist": [32, 19, 6, 6, 1, 4, 0, 3, 3]}, {"time": "2019winter", "N_exam": 57, "N_passed": 56, "exam_avg": 9.5, "grade_dist": [22, 18, 9, 6, 1, 0, 0, 0, 1, 3]}], "course_no": "27423", "grade_percentile": 64.73259334006055, "eval_percentiles": {"learning": 48.247978436657675, "worklevel": 46.900269541778975, "good": 63.9487870619946}, "composites": {"beer_points": 6.241839451874457, "quality_points": 6.983546011122209, "beer_percentiles": 72.18649517684888, "quality_percentiles": 71.70418006430869}}