{"info": {"language": "Engelsk", "ECTS": 5, "time": "Januar", "level": "Kandidat", "name": "Eksperimentel eukaryot molekyl\u00e6rbiologi", "course_no": "27432"}, "evals": [{"time": "E-18-03", "N_responses": 18, "learning_answers": [10, 5, 0, 2, 1], "participation_answers": [14, 3, 0, 0, 1], "material_answers": [6, 7, 4, 1, 0], "clear_answers": [7, 7, 4, 0, 0], "connection_answers": [10, 5, 3, 0, 0], "worklevel_answers": [0, 0, 11, 4, 3], "prerequisite_answers": [0, 1, 16, 1, 0], "good_answers": [14, 2, 1, 1, 0]}], "eval_points": [{"time": "E-18-03", "learning": 7.916666666666666, "worklevel": 6.388888888888888, "good": 9.027777777777779, "N": 18}], "grades": [{"time": "2011winter", "N_exam": 13, "N_passed": 13, "exam_avg": 12.0, "grade_dist": [2, 0, 0, 0, 0, 0, 0, 11, 0, 2]}], "course_no": "27432", "grade_percentile": 76.47593097184378, "eval_percentiles": {"learning": 70.81589958158996, "worklevel": 81.69456066945607, "good": 58.05439330543933}, "composites": {"beer_points": 5.299127102405789, "quality_points": 6.827801488160195, "beer_percentiles": 44.696969696969695, "quality_percentiles": 68.43434343434343}}