{"info": {"language": "Engelsk", "ECTS": 5, "time": "Januar", "level": "Bachelor", "name": "\u00d8velser i kemiske enhedsoperationer", "course_no": "28125"}, "evals": [{"time": "E-18-03", "N_responses": 11, "learning_answers": [6, 5, 0, 0, 0], "participation_answers": [8, 2, 0, 1, 0], "material_answers": [3, 3, 4, 1, 0], "clear_answers": [6, 3, 1, 0, 0], "connection_answers": [3, 5, 3, 0, 0], "worklevel_answers": [0, 0, 2, 4, 5], "prerequisite_answers": [0, 1, 8, 1, 0], "good_answers": [3, 7, 0, 1, 0]}], "eval_points": [{"time": "E-18-03", "learning": 8.863636363636363, "worklevel": 8.181818181818182, "good": 7.727272727272727, "N": 11}], "grades": [{"time": "2019winter", "N_exam": 14, "N_passed": 13, "exam_avg": 10.4, "grade_dist": [4, 8, 1, 0, 0, 0, 0, 0, 1]}], "course_no": "28125", "grade_percentile": 53.66108786610879, "eval_percentiles": {"learning": 20.10796221322537, "worklevel": 61.13360323886639, "good": 35.020242914979754}, "composites": {"beer_points": 5.438774017360772, "quality_points": 5.319103521878336, "beer_percentiles": 53.63489499192246, "quality_percentiles": 36.51050080775444}}