{"info": {"language": "Engelsk", "ECTS": 5, "time": "E2A (man 13-17)", "level": "Bachelor", "name": "Introduktion til procesregulering", "course_no": "28150"}, "evals": [{"time": "E-18-13", "N_responses": 32, "learning_answers": [0, 9, 9, 9, 5], "participation_answers": [1, 9, 6, 12, 4], "material_answers": [1, 8, 7, 10, 6], "clear_answers": [1, 5, 11, 11, 4], "connection_answers": [0, 10, 8, 4, 10], "worklevel_answers": [1, 5, 17, 6, 3], "prerequisite_answers": [2, 3, 23, 3, 1], "good_answers": [0, 5, 7, 10, 10]}], "eval_points": [{"time": "E-18-13", "learning": 4.21875, "worklevel": 5.390625, "good": 3.046875, "N": 32}], "grades": [{"time": "2019winter", "N_exam": 65, "N_passed": 65, "exam_avg": 7.8, "grade_dist": [5, 20, 30, 9, 1, 0, 0, 1]}, {"time": "2018winter", "N_exam": 67, "N_passed": 66, "exam_avg": 7.9, "grade_dist": [3, 25, 31, 5, 2, 1, 0, 3]}], "course_no": "28150", "grade_percentile": 10.696266397578205, "eval_percentiles": {"learning": 41.846361185983824, "worklevel": 80.05390835579514, "good": 41.77897574123989}, "composites": {"beer_points": 3.1301698431220024, "quality_points": 4.504112239961296, "beer_percentiles": 9.163987138263666, "quality_percentiles": 21.382636655948552}}