{"info": {"language": "Engelsk", "ECTS": 5, "time": "Juni", "level": "Kandidat", "name": "Polymer syntese og karakterisering", "course_no": "28214"}, "grades": [{"time": "2019summer", "N_exam": 10, "N_passed": 10, "exam_avg": 10.0, "grade_dist": [3, 5, 2, 0, 0, 0, 0, 1]}, {"time": "2015summer", "N_exam": 12, "N_passed": 12, "exam_avg": 8.8, "grade_dist": [2, 4, 6, 0, 0, 0, 0, 1]}, {"time": "2012summer", "N_exam": 5, "N_passed": 5, "exam_avg": 8.6, "grade_dist": [1, 2, 1, 1, 0, 0, 0, 1]}], "course_no": "28214", "grade_percentile": 13.623978201634877, "eval_percentiles": {"learning": 89.64435146443515, "worklevel": 68.51464435146444, "good": 88.07531380753139}, "composites": {"beer_points": 3.8981751852788564, "quality_points": 6.56152717314553, "beer_percentiles": 15.909090909090908, "quality_percentiles": 61.61616161616162}}