{"info": {"language": "Engelsk", "ECTS": 5, "time": "E2A (man 13-17)", "level": "Kandidat", "name": "Bioteknologiske oprensningsprocesser", "course_no": "28233"}, "grades": [{"time": "2020winter", "N_exam": 119, "N_passed": 119, "exam_avg": 8.0, "grade_dist": [21, 30, 47, 15, 6, 0, 0, 2]}, {"time": "2019winter", "N_exam": 91, "N_passed": 91, "exam_avg": 9.3, "grade_dist": [21, 44, 18, 7, 1, 0, 0, 1]}], "course_no": "28233", "grade_percentile": 30.19981834695731, "eval_percentiles": {"learning": 54.02719665271967, "worklevel": 16.47489539748954, "good": 69.71757322175732}, "composites": {"beer_points": 5.962831457278838, "quality_points": 6.821541213576237, "beer_percentiles": 64.01515151515152, "quality_percentiles": 68.05555555555556}}