{"info": {"language": "Engelsk", "ECTS": 5, "time": "E2A (man 13-17)", "level": "Kandidat", "name": "Bioteknologiske oprensningsprocesser", "course_no": "28233"}, "grades": [{"time": "2021winter", "N_exam": 112, "N_passed": 112, "exam_avg": 8.6, "grade_dist": [13, 43, 52, 4, 0, 0, 0, 3]}, {"time": "2020winter", "N_exam": 119, "N_passed": 119, "exam_avg": 8.0, "grade_dist": [21, 30, 47, 15, 6, 0, 0, 2]}, {"time": "2019winter", "N_exam": 91, "N_passed": 91, "exam_avg": 9.3, "grade_dist": [21, 44, 18, 7, 1, 0, 0, 1]}], "course_no": "28233", "grade_percentile": 48.73864783047427, "eval_percentiles": {"learning": 15.431266846361185, "worklevel": 43.665768194070075, "good": 14.824797843665767}, "composites": {"beer_points": 5.912139677600587, "quality_points": 4.673338069564484, "beer_percentiles": 62.057877813504824, "quality_percentiles": 24.437299035369776}}