{"info": {"language": "Engelsk", "ECTS": 5, "time": "Januar", "level": "Kandidat", "name": "\u00d8velser i reaktionsteknik", "course_no": "28845"}, "evals": [{"time": "E-18-03", "N_responses": 14, "learning_answers": [5, 5, 4, 0, 0], "participation_answers": [9, 4, 0, 1, 0], "material_answers": [3, 4, 5, 2, 0], "clear_answers": [10, 3, 1, 0, 0], "connection_answers": [11, 1, 2, 0, 0], "worklevel_answers": [0, 3, 8, 2, 1], "prerequisite_answers": [0, 1, 12, 1, 0], "good_answers": [6, 6, 2, 0, 0]}], "eval_points": [{"time": "E-18-03", "learning": 7.678571428571429, "worklevel": 5.178571428571429, "good": 8.214285714285714, "N": 14}], "course_no": "28845", "grade_percentile": 86.93239152371342, "eval_percentiles": {"learning": 79.7843665768194, "worklevel": 85.84905660377358, "good": 80.32345013477088}, "composites": {"beer_points": 5.501166861143524, "quality_points": 7.542854901345468, "beer_percentiles": 51.76848874598071, "quality_percentiles": 84.08360128617363}}