{"info": {"language": "Engelsk", "ECTS": 5, "time": "Januar", "level": "Kandidat", "name": "\u00d8velser i reaktionsteknik", "course_no": "28845"}, "evals": [{"time": "E-18-03", "N_responses": 14, "learning_answers": [5, 5, 4, 0, 0], "participation_answers": [9, 4, 0, 1, 0], "material_answers": [3, 4, 5, 2, 0], "clear_answers": [10, 3, 1, 0, 0], "connection_answers": [11, 1, 2, 0, 0], "worklevel_answers": [0, 3, 8, 2, 1], "prerequisite_answers": [0, 1, 12, 1, 0], "good_answers": [6, 6, 2, 0, 0]}], "eval_points": [{"time": "E-18-03", "learning": 7.678571428571429, "worklevel": 5.178571428571429, "good": 8.214285714285714, "N": 14}], "course_no": "28845", "grade_percentile": 86.40167364016736, "eval_percentiles": {"learning": 79.82456140350877, "worklevel": 85.82995951417004, "good": 80.43184885290148}, "composites": {"beer_points": 5.3850092655808055, "quality_points": 7.493062966915689, "beer_percentiles": 52.34248788368336, "quality_percentiles": 84.16801292407108}}