{"info": {"language": "Engelsk", "ECTS": 7.5, "time": "F5A (ons 8-12)", "level": "Ph.d.", "name": "Polymerfysik", "course_no": "28904"}, "evals": [{"time": "F-19-13", "N_responses": 3, "learning_answers": [1, 1, 0, 1, 0], "participation_answers": [2, 1, 0, 0, 0], "material_answers": [2, 1, 0, 0, 0], "clear_answers": [1, 1, 0, 1, 0], "connection_answers": [1, 1, 1, 0, 0], "worklevel_answers": [0, 1, 2, 0, 0], "prerequisite_answers": [0, 1, 2, 0, 0], "good_answers": [2, 0, 0, 1, 0]}, {"time": "F-18-13", "N_responses": 3, "learning_answers": [1, 1, 1, 0, 0], "participation_answers": [3, 0, 0, 0, 0], "material_answers": [2, 1, 0, 0, 0], "clear_answers": [2, 1, 0, 0, 0], "connection_answers": [1, 2, 0, 0, 0], "worklevel_answers": [1, 0, 2, 0, 0], "prerequisite_answers": [0, 0, 3, 0, 0], "good_answers": [2, 1, 0, 0, 0]}], "eval_points": [{"time": "F-19-13", "learning": 6.666666666666666, "worklevel": 4.166666666666667, "good": 7.5, "N": 3}, {"time": "F-18-13", "learning": 7.5, "worklevel": 3.333333333333333, "good": 9.166666666666666, "N": 3}], "course_no": "28904", "grade_percentile": 78.2016348773842, "eval_percentiles": {"learning": 5.648535564853557, "worklevel": 66.42259414225941, "good": 12.656903765690377}, "composites": {"beer_points": 6.003668880543281, "quality_points": 4.292867760227299, "beer_percentiles": 66.16161616161617, "quality_percentiles": 18.30808080808081}}