{"info": {"language": "Engelsk", "ECTS": 5, "time": "Juni", "level": "Kandidat", "name": "GPS, GIS og afs\u00e6tning for civilingeni\u00f8rer", "course_no": "30510"}, "evals": [{"time": "F-19-03JUN", "N_responses": 12, "learning_answers": [6, 4, 2, 0, 0], "participation_answers": [8, 3, 0, 1, 0], "material_answers": [0, 6, 5, 1, 0], "clear_answers": [0, 6, 5, 0, 1], "connection_answers": [6, 5, 0, 1, 0], "worklevel_answers": [0, 2, 8, 1, 1], "prerequisite_answers": [0, 0, 11, 1, 0], "good_answers": [9, 1, 2, 0, 0]}, {"time": "F-18-03JUN", "N_responses": 6, "learning_answers": [5, 1, 0, 0, 0], "participation_answers": [6, 0, 0, 0, 0], "material_answers": [2, 4, 0, 0, 0], "clear_answers": [2, 1, 3, 0, 0], "connection_answers": [5, 0, 0, 1, 0], "worklevel_answers": [0, 1, 4, 1, 0], "prerequisite_answers": [0, 0, 6, 0, 0], "good_answers": [4, 2, 0, 0, 0]}], "eval_points": [{"time": "F-19-03JUN", "learning": 8.333333333333334, "worklevel": 5.208333333333334, "good": 8.958333333333334, "N": 12}, {"time": "F-18-03JUN", "learning": 9.583333333333334, "worklevel": 5.0, "good": 9.166666666666666, "N": 6}], "course_no": "30510", "grade_percentile": 45.5020920502092, "eval_percentiles": {"learning": 41.902834008097166, "worklevel": 46.288798920377864, "good": 43.99460188933873}, "composites": {"beer_points": 5.665902662635325, "quality_points": 6.14514407684098, "beer_percentiles": 59.2891760904685, "quality_percentiles": 54.281098546042}}