{"info": {"language": "Engelsk", "ECTS": 5, "time": "E4A (tirs 13-17)", "level": "Kandidat", "name": "Introduktion til digital kortl\u00e6gning og GIS", "course_no": "30532"}, "evals": [{"time": "E-18-13", "N_responses": 19, "learning_answers": [1, 7, 7, 0, 4], "participation_answers": [1, 5, 5, 4, 4], "material_answers": [0, 6, 5, 4, 4], "clear_answers": [1, 1, 3, 8, 6], "connection_answers": [0, 2, 7, 5, 5], "worklevel_answers": [0, 1, 12, 6, 0], "prerequisite_answers": [1, 0, 16, 2, 0], "good_answers": [0, 7, 2, 6, 4]}], "eval_points": [{"time": "E-18-13", "learning": 5.131578947368421, "worklevel": 5.657894736842105, "good": 4.078947368421052, "N": 19}], "grades": [{"time": "2020winter", "N_exam": 30, "N_passed": 30, "exam_avg": 9.0, "grade_dist": [11, 7, 8, 2, 2, 0, 0, 1]}, {"time": "2015winter", "N_exam": 30, "N_passed": 30, "exam_avg": 7.9, "grade_dist": [3, 8, 15, 4, 0, 0, 0, 2]}, {"time": "2014winter", "N_exam": 23, "N_passed": 23, "exam_avg": 8.4, "grade_dist": [3, 6, 14, 0, 0, 0, 0, 4]}, {"time": "2013winter", "N_exam": 5, "N_passed": 5, "exam_avg": 11.2, "grade_dist": [3, 2, 0, 0, 0, 0, 0, 5]}], "course_no": "30532", "grade_percentile": 12.125340599455042, "eval_percentiles": {"learning": 91.52719665271967, "worklevel": 15.638075313807532, "good": 91.7887029288703}, "composites": {"beer_points": 5.141900229155649, "quality_points": 7.367603445840984, "beer_percentiles": 41.035353535353536, "quality_percentiles": 79.41919191919192}}