{"info": {"language": "Engelsk", "ECTS": 5, "time": "E1B (tors 13-17)", "level": "Kandidat", "name": "Fysisk Geod\u00e6si", "course_no": "30560"}, "evals": [{"time": "E-18-13", "N_responses": 7, "learning_answers": [3, 3, 0, 0, 1], "participation_answers": [5, 2, 0, 0, 0], "material_answers": [3, 1, 2, 0, 1], "clear_answers": [4, 2, 1, 0, 0], "connection_answers": [3, 4, 0, 0, 0], "worklevel_answers": [0, 1, 6, 0, 0], "prerequisite_answers": [0, 0, 6, 1, 0], "good_answers": [5, 1, 0, 0, 1]}], "eval_points": [{"time": "E-18-13", "learning": 7.5, "worklevel": 4.642857142857143, "good": 8.214285714285714, "N": 7}], "course_no": "30560", "grade_percentile": 98.94046417759839, "eval_percentiles": {"learning": 57.27762803234501, "worklevel": 88.61185983827492, "good": 62.33153638814016}, "composites": {"beer_points": 6.175029171528588, "quality_points": 7.433020829247245, "beer_percentiles": 70.33762057877814, "quality_percentiles": 82.2347266881029}}