{"info": {"language": "Engelsk", "ECTS": 5, "time": "E1B (tors 13-17)", "level": "Kandidat", "name": "Fysisk Geod\u00e6si", "course_no": "30560"}, "evals": [{"time": "E-18-13", "N_responses": 7, "learning_answers": [3, 3, 0, 0, 1], "participation_answers": [5, 2, 0, 0, 0], "material_answers": [3, 1, 2, 0, 1], "clear_answers": [4, 2, 1, 0, 0], "connection_answers": [3, 4, 0, 0, 0], "worklevel_answers": [0, 1, 6, 0, 0], "prerequisite_answers": [0, 0, 6, 1, 0], "good_answers": [5, 1, 0, 0, 1]}], "eval_points": [{"time": "E-18-13", "learning": 7.5, "worklevel": 4.642857142857143, "good": 8.214285714285714, "N": 7}], "course_no": "30560", "grade_percentile": 98.53556485355648, "eval_percentiles": {"learning": 57.35492577597841, "worklevel": 88.59649122807018, "good": 62.41565452091768}, "composites": {"beer_points": 6.076270359894665, "quality_points": 7.3810032017075775, "beer_percentiles": 70.03231017770598, "quality_percentiles": 82.39095315024232}}