{"info": {"language": "Engelsk", "ECTS": 5, "time": "Januar", "level": "Kandidat", "name": "Uline\u00e6re transducere", "course_no": "31221"}, "evals": [{"time": "E-18-03", "N_responses": 9, "learning_answers": [5, 3, 0, 1, 0], "participation_answers": [3, 4, 2, 0, 0], "material_answers": [1, 1, 3, 2, 2], "clear_answers": [0, 1, 6, 0, 1], "connection_answers": [3, 4, 1, 1, 0], "worklevel_answers": [0, 0, 3, 4, 2], "prerequisite_answers": [1, 2, 6, 0, 0], "good_answers": [6, 2, 0, 0, 1]}], "eval_points": [{"time": "E-18-03", "learning": 8.333333333333334, "worklevel": 7.222222222222222, "good": 8.333333333333334, "N": 9}], "course_no": "31221", "grade_percentile": 11.126248864668483, "eval_percentiles": {"learning": 82.47907949790795, "worklevel": 64.38284518828452, "good": 75.418410041841}, "composites": {"beer_points": 3.8515776485104873, "quality_points": 6.023160570540885, "beer_percentiles": 14.835858585858587, "quality_percentiles": 49.621212121212125}}