{"info": {"language": "Engelsk", "ECTS": 5, "time": "Januar", "level": "Kandidat", "name": "Experimental methods in photonics", "course_no": "34046"}, "evals": [{"time": "E-18-03", "N_responses": 3, "learning_answers": [1, 0, 1, 1, 0], "participation_answers": [1, 1, 0, 0, 1], "material_answers": [0, 1, 0, 1, 1], "clear_answers": [0, 1, 0, 0, 1], "connection_answers": [1, 0, 0, 1, 1], "worklevel_answers": [0, 0, 2, 0, 1], "prerequisite_answers": [0, 0, 3, 0, 0], "good_answers": [1, 0, 0, 1, 1]}], "eval_points": [{"time": "E-18-03", "learning": 5.833333333333334, "worklevel": 6.666666666666666, "good": 4.166666666666667, "N": 3}], "grades": [{"time": "2020winter", "N_exam": 21, "N_passed": 21, "exam_avg": 10.5, "grade_dist": [10, 8, 3, 0, 0, 0, 0, 1]}], "course_no": "34046", "grade_percentile": 37.10263396911898, "eval_percentiles": {"learning": 54.81171548117155, "worklevel": 60.77405857740586, "good": 52.35355648535565}, "composites": {"beer_points": 5.107927503485408, "quality_points": 6.112173849781532, "beer_percentiles": 40.27777777777778, "quality_percentiles": 51.515151515151516}}