{"info": {"language": "Engelsk", "ECTS": 5, "time": "E3B (fre 13-17)  eller  F3B (fre 13-17)", "level": "Bachelor", "name": "Eksperimentelt kursus i optisk kommunikation", "course_no": "34129"}, "evals": [{"time": "F-18-13", "N_responses": 7, "learning_answers": [4, 3, 0, 0, 0], "participation_answers": [6, 1, 0, 0, 0], "material_answers": [1, 4, 2, 0, 0], "clear_answers": [3, 4, 0, 0, 0], "connection_answers": [4, 2, 1, 0, 0], "worklevel_answers": [0, 4, 2, 1, 0], "prerequisite_answers": [0, 0, 7, 0, 0], "good_answers": [4, 2, 1, 0, 0]}], "eval_points": [{"time": "F-18-13", "learning": 8.928571428571429, "worklevel": 3.9285714285714284, "good": 8.571428571428571, "N": 7}], "grades": [{"time": "2010winter", "N_exam": 10, "N_passed": 10, "exam_avg": 7.6, "grade_dist": [0, 3, 6, 1, 0, 0, 0, 1]}], "course_no": "34129", "grade_percentile": 96.02510460251045, "eval_percentiles": {"learning": 68.08367071524967, "worklevel": 76.85560053981106, "good": 73.95411605937922}, "composites": {"beer_points": 6.398858870574465, "quality_points": 7.809320526503025, "beer_percentiles": 76.25201938610662, "quality_percentiles": 89.82229402261713}}