{"info": {"language": "Engelsk", "ECTS": 5, "time": "E5B (ons 13-17)  eller  F5B (ons 13-17)", "level": "Bachelor", "name": "Eksperimentelt kursus i optisk kommunikation", "course_no": "34126"}, "evals": [{"time": "E-18-13", "N_responses": 9, "learning_answers": [7, 2, 0, 0, 0], "participation_answers": [5, 4, 0, 0, 0], "material_answers": [4, 5, 0, 0, 0], "clear_answers": [4, 2, 3, 0, 0], "connection_answers": [3, 5, 0, 0, 0], "worklevel_answers": [1, 3, 5, 0, 0], "prerequisite_answers": [0, 1, 8, 0, 0], "good_answers": [6, 3, 0, 0, 0]}], "eval_points": [{"time": "E-18-13", "learning": 9.444444444444445, "worklevel": 3.611111111111111, "good": 9.166666666666666, "N": 9}], "course_no": "34126", "grade_percentile": 69.40376569037656, "eval_percentiles": {"learning": 8.569500674763832, "worklevel": 98.85290148448043, "good": 10.79622132253711}, "composites": {"beer_points": 2.9886374719594264, "quality_points": 2.831376734258271, "beer_percentiles": 10.177705977382876, "quality_percentiles": 7.269789983844912}}