{"info": {"language": "Engelsk", "ECTS": 5, "time": "E3A (tirs 8-12)", "level": "Kandidat", "name": "Avancerede optiske kommunikationssystemer", "course_no": "34156"}, "grades": [{"time": "2022summer", "N_exam": 5, "N_passed": 5, "exam_avg": 9.0, "grade_dist": [2, 1, 1, 1, 0, 0, 0, 2]}, {"time": "2021summer", "N_exam": 7, "N_passed": 7, "exam_avg": 10.0, "grade_dist": [3, 3, 0, 1, 0, 0, 0, 2]}], "course_no": "34156", "grade_percentile": 11.976987447698745, "eval_percentiles": {"learning": 53.37381916329284, "worklevel": 84.0080971659919, "good": 31.57894736842105}, "composites": {"beer_points": 2.819662537793817, "quality_points": 4.295624332977587, "beer_percentiles": 8.562197092084007, "quality_percentiles": 19.709208400646204}}