{"info": {"language": "Engelsk", "ECTS": 5, "time": "E3A (tirs 8-12)", "level": "Kandidat", "name": "Avancerede optiske kommunikationssystemer", "course_no": "34156"}, "grades": [{"time": "2022summer", "N_exam": 5, "N_passed": 5, "exam_avg": 9.0, "grade_dist": [2, 1, 1, 1, 0, 0, 0, 2]}, {"time": "2021summer", "N_exam": 7, "N_passed": 7, "exam_avg": 10.0, "grade_dist": [3, 3, 0, 1, 0, 0, 0, 2]}], "course_no": "34156", "grade_percentile": 3.3804238143289607, "eval_percentiles": {"learning": 53.30188679245283, "worklevel": 84.02964959568733, "good": 31.536388140161723}, "composites": {"beer_points": 1.982108129132634, "quality_points": 3.6620510205415866, "beer_percentiles": 3.215434083601286, "quality_percentiles": 11.89710610932476}}