{"info": {"language": "Dansk", "ECTS": 5, "time": "E4B (fre 8-12)", "level": "Bachelor", "name": "Introduktion til datanet", "course_no": "34313"}, "grades": [{"time": "2020winter", "N_exam": 41, "N_passed": 40, "exam_avg": 7.8, "grade_dist": [5, 13, 15, 7, 0, 0, 1, 4]}, {"time": "2019winter", "N_exam": 30, "N_passed": 30, "exam_avg": 8.4, "grade_dist": [5, 12, 7, 6, 0, 0, 0, 1, 9]}], "course_no": "34313", "grade_percentile": 67.52951861943687, "eval_percentiles": {"learning": 79.4979079497908, "worklevel": 11.715481171548117, "good": 41.78870292887029}, "composites": {"beer_points": 7.179622774546094, "quality_points": 7.634985642329238, "beer_percentiles": 90.53030303030303, "quality_percentiles": 85.22727272727273}}