{"info": {"language": "Dansk", "ECTS": 5, "time": "E4B (fre 8-12)", "level": "Bachelor", "name": "Introduktion til datanet", "course_no": "34313"}, "grades": [{"time": "2021winter", "N_exam": 54, "N_passed": 48, "exam_avg": 8.7, "grade_dist": [16, 13, 9, 7, 3, 0, 0, 0, 6, 2]}, {"time": "2020winter", "N_exam": 41, "N_passed": 40, "exam_avg": 7.8, "grade_dist": [5, 13, 15, 7, 0, 0, 1, 4]}, {"time": "2019winter", "N_exam": 30, "N_passed": 30, "exam_avg": 8.4, "grade_dist": [5, 12, 7, 6, 0, 0, 0, 1, 9]}], "course_no": "34313", "grade_percentile": 66.84100418410041, "eval_percentiles": {"learning": 79.82456140350877, "worklevel": 11.673414304993251, "good": 38.933873144399456}, "composites": {"beer_points": 7.151565395494001, "quality_points": 7.4557097118463185, "beer_percentiles": 89.98384491114702, "quality_percentiles": 83.68336025848143}}