{"info": {"language": "Dansk", "ECTS": 5, "time": "E4B (fre 8-12)", "level": "Bachelor", "name": "Introduktion til datanet", "course_no": "34313"}, "grades": [{"time": "2022winter", "N_exam": 35, "N_passed": 30, "exam_avg": 8.7, "grade_dist": [8, 7, 12, 3, 0, 0, 0, 0, 5, 4]}, {"time": "2021winter", "N_exam": 54, "N_passed": 48, "exam_avg": 8.7, "grade_dist": [16, 13, 9, 7, 3, 0, 0, 0, 6, 2]}, {"time": "2020winter", "N_exam": 41, "N_passed": 40, "exam_avg": 7.8, "grade_dist": [5, 13, 15, 7, 0, 0, 1, 4]}, {"time": "2019winter", "N_exam": 30, "N_passed": 30, "exam_avg": 8.4, "grade_dist": [5, 12, 7, 6, 0, 0, 0, 1, 9]}], "course_no": "34313", "grade_percentile": 67.15438950554996, "eval_percentiles": {"learning": 79.7843665768194, "worklevel": 11.657681940700808, "good": 38.881401617250674}, "composites": {"beer_points": 7.223259432127576, "quality_points": 7.506243543979394, "beer_percentiles": 89.71061093247589, "quality_percentiles": 83.60128617363344}}