{"info": {"language": "Dansk", "ECTS": 5, "time": "E2A (man 13-17)", "level": "Bachelor", "name": "Avancerede datanet og cybersikkerhed", "course_no": "34334"}, "grades": [{"time": "2022winter", "N_exam": 19, "N_passed": 15, "exam_avg": 8.4, "grade_dist": [4, 4, 4, 2, 1, 0, 0, 0, 4]}, {"time": "2021winter", "N_exam": 32, "N_passed": 25, "exam_avg": 5.8, "grade_dist": [3, 10, 8, 1, 3, 1, 6, 1]}], "course_no": "34334", "grade_percentile": 27.598385469223008, "eval_percentiles": {"learning": 23.180592991913745, "worklevel": 64.62264150943396, "good": 26.54986522911051}, "composites": {"beer_points": 4.64530413188523, "quality_points": 4.671961232193453, "beer_percentiles": 29.421221864951768, "quality_percentiles": 24.276527331189712}}