{"info": {"language": "Engelsk", "ECTS": 5, "time": "Januar", "level": "Bachelor", "name": "Telekommunikations programmerings projekter med Arduino", "course_no": "34338"}, "evals": [{"time": "E-18-03", "N_responses": 7, "learning_answers": [3, 2, 0, 1, 1], "participation_answers": [5, 0, 1, 0, 1], "material_answers": [1, 4, 1, 1, 0], "clear_answers": [0, 0, 5, 1, 1], "connection_answers": [2, 2, 1, 2, 0], "worklevel_answers": [1, 1, 5, 0, 0], "prerequisite_answers": [1, 0, 6, 0, 0], "good_answers": [4, 1, 0, 2, 0]}], "eval_points": [{"time": "E-18-03", "learning": 6.7857142857142865, "worklevel": 3.9285714285714284, "good": 7.5, "N": 7}], "course_no": "34338", "grade_percentile": 83.6297071129707, "eval_percentiles": {"learning": 79.82456140350877, "worklevel": 54.25101214574899, "good": 38.933873144399456}, "composites": {"beer_points": 6.491027016482982, "quality_points": 7.25400213447172, "beer_percentiles": 77.86752827140549, "quality_percentiles": 79.32148626817448}}