{"info": {"language": "Engelsk", "ECTS": 5, "time": "Januar", "level": "Bachelor", "name": "Telekommunikations programmerings projekter med Arduino", "course_no": "34338"}, "evals": [{"time": "E-18-03", "N_responses": 7, "learning_answers": [3, 2, 0, 1, 1], "participation_answers": [5, 0, 1, 0, 1], "material_answers": [1, 4, 1, 1, 0], "clear_answers": [0, 0, 5, 1, 1], "connection_answers": [2, 2, 1, 2, 0], "worklevel_answers": [1, 1, 5, 0, 0], "prerequisite_answers": [1, 0, 6, 0, 0], "good_answers": [4, 1, 0, 2, 0]}], "eval_points": [{"time": "E-18-03", "learning": 6.7857142857142865, "worklevel": 3.9285714285714284, "good": 7.5, "N": 7}], "course_no": "34338", "grade_percentile": 11.126248864668483, "eval_percentiles": {"learning": 24.581589958158997, "worklevel": 62.60460251046025, "good": 28.87029288702929}, "composites": {"beer_points": 3.90581567207691, "quality_points": 4.041693372296395, "beer_percentiles": 16.035353535353536, "quality_percentiles": 15.277777777777779}}