{"info": {"language": "Engelsk", "ECTS": 5, "time": "Januar", "level": "Bachelor", "name": "Telekommunikations programmerings projekter med Arduino", "course_no": "34338"}, "evals": [{"time": "E-18-03", "N_responses": 7, "learning_answers": [3, 2, 0, 1, 1], "participation_answers": [5, 0, 1, 0, 1], "material_answers": [1, 4, 1, 1, 0], "clear_answers": [0, 0, 5, 1, 1], "connection_answers": [2, 2, 1, 2, 0], "worklevel_answers": [1, 1, 5, 0, 0], "prerequisite_answers": [1, 0, 6, 0, 0], "good_answers": [4, 1, 0, 2, 0]}], "eval_points": [{"time": "E-18-03", "learning": 6.7857142857142865, "worklevel": 3.9285714285714284, "good": 7.5, "N": 7}], "course_no": "34338", "grade_percentile": 84.20787083753784, "eval_percentiles": {"learning": 79.7843665768194, "worklevel": 54.31266846361186, "good": 38.881401617250674}, "composites": {"beer_points": 6.579346557759628, "quality_points": 7.308542214202593, "beer_percentiles": 78.45659163987139, "quality_percentiles": 79.42122186495178}}