{"info": {"language": "Engelsk", "ECTS": 5, "time": "E7 (tirs 18-22)", "level": "Kandidat", "name": "Intelligente systemer", "course_no": "34366"}, "grades": [{"time": "2022winter", "N_exam": 102, "N_passed": 102, "exam_avg": 9.5, "grade_dist": [26, 44, 31, 1, 0, 0, 0, 5]}, {"time": "2021winter", "N_exam": 92, "N_passed": 92, "exam_avg": 9.9, "grade_dist": [21, 55, 14, 2, 0, 0, 0, 2]}, {"time": "2020winter", "N_exam": 94, "N_passed": 94, "exam_avg": 9.7, "grade_dist": [21, 54, 15, 4, 0, 0, 0, 2]}], "course_no": "34366", "grade_percentile": 60.49445005045409, "eval_percentiles": {"learning": 4.851752021563342, "worklevel": 36.72506738544474, "good": 10.78167115902965}, "composites": {"beer_points": 6.294826915597043, "quality_points": 4.170948887930021, "beer_percentiles": 73.07073954983923, "quality_percentiles": 16.39871382636656}}