{"info": {"language": "Engelsk", "ECTS": 5, "time": "E7 (tirs 18-22)", "level": "Kandidat", "name": "Intelligente systemer", "course_no": "34366"}, "grades": [{"time": "2021winter", "N_exam": 92, "N_passed": 92, "exam_avg": 9.9, "grade_dist": [21, 55, 14, 2, 0, 0, 0, 2]}, {"time": "2020winter", "N_exam": 94, "N_passed": 94, "exam_avg": 9.7, "grade_dist": [21, 54, 15, 4, 0, 0, 0, 2]}], "course_no": "34366", "grade_percentile": 60.35564853556485, "eval_percentiles": {"learning": 4.8582995951417, "worklevel": 36.70715249662618, "good": 10.79622132253711}, "composites": {"beer_points": 6.199161221106017, "quality_points": 4.052828175026682, "beer_percentiles": 73.10177705977382, "quality_percentiles": 16.80129240710824}}