{"info": {"language": "Dansk", "ECTS": 5, "time": "F4B (fre 8-12)", "level": "Bachelor", "name": "Design af mekatroniske systemer 1", "course_no": "41028"}, "grades": [{"time": "2022summer", "N_exam": 150, "N_passed": 150, "exam_avg": 10.1, "grade_dist": [26, 112, 12, 0, 0, 0, 0, 1]}, {"time": "2021summer", "N_exam": 104, "N_passed": 104, "exam_avg": 9.8, "grade_dist": [32, 42, 30, 0, 0, 0, 0, 1]}], "course_no": "41028", "grade_percentile": 87.918410041841, "eval_percentiles": {"learning": 37.78677462887989, "worklevel": 73.8191632928475, "good": 30.90418353576248}, "composites": {"beer_points": 6.047795648150571, "quality_points": 6.299763125699561, "beer_percentiles": 69.1437802907916, "quality_percentiles": 57.83521809369952}}