{"info": {"language": "Dansk", "ECTS": 5, "time": "F4B (fre 8-12)", "level": "Bachelor", "name": "Design af mekatroniske systemer 1", "course_no": "41028"}, "grades": [{"time": "2022summer", "N_exam": 150, "N_passed": 150, "exam_avg": 10.1, "grade_dist": [26, 112, 12, 0, 0, 0, 0, 1]}, {"time": "2021summer", "N_exam": 104, "N_passed": 104, "exam_avg": 9.8, "grade_dist": [32, 42, 30, 0, 0, 0, 0, 1]}], "course_no": "41028", "grade_percentile": 88.34510595358225, "eval_percentiles": {"learning": 37.73584905660377, "worklevel": 73.8544474393531, "good": 30.86253369272237}, "composites": {"beer_points": 6.147271157659067, "quality_points": 6.373255977489756, "beer_percentiles": 69.45337620578778, "quality_percentiles": 57.39549839228296}}