{"info": {"language": "Engelsk", "ECTS": 5, "time": "F1B (tors 13-17)", "level": "Kandidat", "name": "Marin- og havteknik", "course_no": "41107"}, "grades": [{"time": "2022summer", "N_exam": 56, "N_passed": 55, "exam_avg": 7.3, "grade_dist": [10, 12, 18, 7, 8, 1, 0, 3]}, {"time": "2021summer", "N_exam": 35, "N_passed": 34, "exam_avg": 8.4, "grade_dist": [6, 13, 12, 1, 2, 1, 0, 2]}], "course_no": "41107", "grade_percentile": 56.25630676084763, "eval_percentiles": {"learning": 83.35579514824798, "worklevel": 49.52830188679245, "good": 78.03234501347708}, "composites": {"beer_points": 5.915851359842025, "quality_points": 7.525957351791894, "beer_percentiles": 62.37942122186495, "quality_percentiles": 83.92282958199357}}