{"info": {"language": "Engelsk", "ECTS": 5, "time": "F1B (tors 13-17)", "level": "Kandidat", "name": "Marin- og havteknik", "course_no": "41107"}, "grades": [{"time": "2022summer", "N_exam": 56, "N_passed": 55, "exam_avg": 7.3, "grade_dist": [10, 12, 18, 7, 8, 1, 0, 3]}, {"time": "2021summer", "N_exam": 35, "N_passed": 34, "exam_avg": 8.4, "grade_dist": [6, 13, 12, 1, 2, 1, 0, 2]}], "course_no": "41107", "grade_percentile": 56.06694560669456, "eval_percentiles": {"learning": 83.33333333333333, "worklevel": 49.46018893387314, "good": 78.13765182186235}, "composites": {"beer_points": 5.8104007082354885, "quality_points": 7.475823003037517, "beer_percentiles": 62.68174474959612, "quality_percentiles": 84.00646203554119}}