{"info": {"language": "Dansk", "ECTS": 5, "time": "E5A (ons 8-12)", "level": "Bachelor", "name": "Introduktion til skibe og andre flydende konstruktioner", "course_no": "41201"}, "grades": [{"time": "2021winter", "N_exam": 12, "N_passed": 12, "exam_avg": 7.2, "grade_dist": [1, 4, 2, 5, 0, 0, 0, 1]}, {"time": "2020winter", "N_exam": 7, "N_passed": 6, "exam_avg": 6.0, "grade_dist": [0, 1, 4, 1, 0, 1, 0, 3]}], "course_no": "41201", "grade_percentile": 56.25630676084763, "eval_percentiles": {"learning": 41.846361185983824, "worklevel": 19.137466307277627, "good": 60.78167115902964}, "composites": {"beer_points": 6.611791780111499, "quality_points": 6.950971290593932, "beer_percentiles": 79.58199356913184, "quality_percentiles": 71.38263665594856}}