{"info": {"language": "Dansk", "ECTS": 5, "time": "E5A (ons 8-12)", "level": "Bachelor", "name": "Introduktion til skibe og andre flydende konstruktioner", "course_no": "41201"}, "grades": [{"time": "2021winter", "N_exam": 12, "N_passed": 12, "exam_avg": 7.2, "grade_dist": [1, 4, 2, 5, 0, 0, 0, 1]}, {"time": "2020winter", "N_exam": 7, "N_passed": 6, "exam_avg": 6.0, "grade_dist": [0, 1, 4, 1, 0, 1, 0, 3]}], "course_no": "41201", "grade_percentile": 56.06694560669456, "eval_percentiles": {"learning": 41.902834008097166, "worklevel": 19.163292847503374, "good": 60.86369770580297}, "composites": {"beer_points": 6.524309958061054, "quality_points": 6.889185343294201, "beer_percentiles": 79.64458804523424, "quality_percentiles": 71.40549273021001}}