{"info": {"language": "Engelsk", "ECTS": 5, "time": "F5B (ons 13-17)", "level": "Kandidat", "name": "Avanceret b\u00f8lgehydrodynamik", "course_no": "41226"}, "grades": [{"time": "2022summer", "N_exam": 14, "N_passed": 13, "exam_avg": 7.6, "grade_dist": [5, 1, 3, 4, 0, 1, 0, 1]}, {"time": "2021summer", "N_exam": 15, "N_passed": 14, "exam_avg": 8.9, "grade_dist": [3, 7, 4, 0, 0, 1, 0, 1]}], "course_no": "41226", "grade_percentile": 25.523012552301253, "eval_percentiles": {"learning": 82.5910931174089, "worklevel": 49.662618083670715, "good": 94.06207827260458}, "composites": {"beer_points": 4.883506118725652, "quality_points": 7.3282691945508205, "beer_percentiles": 38.2875605815832, "quality_percentiles": 80.93699515347335}}