{"info": {"language": "Engelsk", "ECTS": 5, "time": "F5B (ons 13-17)", "level": "Kandidat", "name": "Avanceret b\u00f8lgehydrodynamik", "course_no": "41226"}, "grades": [{"time": "2022summer", "N_exam": 14, "N_passed": 13, "exam_avg": 7.6, "grade_dist": [5, 1, 3, 4, 0, 1, 0, 1]}, {"time": "2021summer", "N_exam": 15, "N_passed": 14, "exam_avg": 8.9, "grade_dist": [3, 7, 4, 0, 0, 1, 0, 1]}], "course_no": "41226", "grade_percentile": 25.832492431886983, "eval_percentiles": {"learning": 82.61455525606469, "worklevel": 49.73045822102426, "good": 94.07008086253369}, "composites": {"beer_points": 5.012286361452398, "quality_points": 7.381334207083377, "beer_percentiles": 38.10289389067524, "quality_percentiles": 81.18971061093248}}