{"info": {"language": "Engelsk", "ECTS": 5, "time": "F3A (tirs 8-12)", "level": "Kandidat", "name": "Konstruktioners dynamik: Teori og analyse", "course_no": "41237"}, "evals": [{"time": "F-19-13", "N_responses": 52, "learning_answers": [32, 10, 6, 3, 1], "participation_answers": [23, 19, 7, 3, 0], "material_answers": [11, 25, 5, 10, 1], "clear_answers": [14, 24, 10, 3, 1], "connection_answers": [26, 17, 5, 2, 2], "worklevel_answers": [1, 1, 16, 21, 13], "prerequisite_answers": [0, 6, 39, 3, 3], "good_answers": [26, 16, 6, 3, 1]}], "eval_points": [{"time": "F-19-13", "learning": 8.317307692307693, "worklevel": 7.115384615384616, "good": 8.028846153846153, "N": 52}], "grades": [{"time": "2021summer", "N_exam": 82, "N_passed": 81, "exam_avg": 9.0, "grade_dist": [12, 43, 22, 3, 1, 0, 1, 2]}, {"time": "2020summer", "N_exam": 97, "N_passed": 97, "exam_avg": 9.0, "grade_dist": [17, 43, 30, 6, 1, 0, 0, 1]}, {"time": "2019summer", "N_exam": 90, "N_passed": 90, "exam_avg": 9.1, "grade_dist": [19, 33, 35, 3, 0, 0, 0, 1]}], "course_no": "41237", "grade_percentile": 50.90826521344233, "eval_percentiles": {"learning": 82.74058577405857, "worklevel": 48.01255230125523, "good": 78.8702928870293}, "composites": {"beer_points": 5.835604550570177, "quality_points": 7.564881101104801, "beer_percentiles": 60.60606060606061, "quality_percentiles": 83.71212121212122}}