{"info": {"language": "Dansk", "ECTS": 5, "time": "Juli", "level": "Bachelor", "name": "Medsejlads", "course_no": "41280"}, "grades": [{"time": "2017summer", "N_exam": 5, "N_passed": 5, "exam_avg": 6.8, "grade_dist": [2, 0, 0, 2, 1, 0, 0, 3]}, {"time": "2013summer", "N_exam": 4, "N_passed": 4, "exam_avg": 8.5, "grade_dist": [0, 2, 2, 0, 0, 0, 0, 3]}], "course_no": "41280", "grade_percentile": 90.28156221616712, "eval_percentiles": {"learning": 68.14853556485356, "worklevel": 85.72175732217573, "good": 72.3326359832636}, "composites": {"beer_points": 5.623714671837357, "quality_points": 7.3613268684586295, "beer_percentiles": 54.54545454545455, "quality_percentiles": 79.29292929292929}}