{"info": {"language": "Engelsk", "ECTS": 5, "time": "E3B (fre 13-17)", "level": "Kandidat", "name": "Videreg\u00e5ende CFD", "course_no": "41316"}, "grades": [{"time": "2021winter", "N_exam": 35, "N_passed": 35, "exam_avg": 10.7, "grade_dist": [21, 11, 1, 1, 1, 0, 0, 1]}, {"time": "2020winter", "N_exam": 35, "N_passed": 35, "exam_avg": 8.2, "grade_dist": [7, 11, 10, 2, 4, 0, 0, 1, 0, 2]}, {"time": "2019winter", "N_exam": 23, "N_passed": 23, "exam_avg": 10.3, "grade_dist": [14, 4, 3, 2, 0, 0, 0, 2]}], "course_no": "41316", "grade_percentile": 46.215943491422806, "eval_percentiles": {"learning": 97.1698113207547, "worklevel": 92.99191374663071, "good": 88.20754716981132}, "composites": {"beer_points": 3.689225982108129, "quality_points": 7.11084088442579, "beer_percentiles": 16.720257234726688, "quality_percentiles": 75.08038585209003}}