{"info": {"language": "Engelsk", "ECTS": 5, "time": "F3B (fre 13-17)", "level": "Kandidat", "name": "Numerisk fluid mekanik", "course_no": "41317"}, "grades": [{"time": "2022summer", "N_exam": 52, "N_passed": 50, "exam_avg": 9.2, "grade_dist": [20, 17, 7, 3, 3, 2, 0, 6]}, {"time": "2020summer", "N_exam": 42, "N_passed": 39, "exam_avg": 9.6, "grade_dist": [19, 13, 6, 1, 0, 3, 0, 6]}], "course_no": "41317", "grade_percentile": 17.003027245206862, "eval_percentiles": {"learning": 83.35579514824798, "worklevel": 16.981132075471695, "good": 89.21832884097034}, "composites": {"beer_points": 5.3756096101487, "quality_points": 7.193075625586514, "beer_percentiles": 49.19614147909968, "quality_percentiles": 77.17041800643086}}