{"info": {"language": "Engelsk", "ECTS": 5, "time": "F3B (fre 13-17)", "level": "Kandidat", "name": "Numerisk fluid mekanik", "course_no": "41317"}, "grades": [{"time": "2022summer", "N_exam": 52, "N_passed": 50, "exam_avg": 9.2, "grade_dist": [20, 17, 7, 3, 3, 2, 0, 6]}, {"time": "2020summer", "N_exam": 42, "N_passed": 39, "exam_avg": 9.6, "grade_dist": [19, 13, 6, 1, 0, 3, 0, 6]}], "course_no": "41317", "grade_percentile": 22.384937238493723, "eval_percentiles": {"learning": 83.33333333333333, "worklevel": 17.00404858299595, "good": 89.3387314439946}, "composites": {"beer_points": 5.56343734291652, "quality_points": 7.3603152450537745, "beer_percentiles": 57.189014539579965, "quality_percentiles": 81.74474959612277}}