{"info": {"language": "Engelsk", "ECTS": 5, "time": "E3B (fre 13-17)", "level": "Kandidat", "name": "Videreg\u00e5ende CFD", "course_no": "41316"}, "grades": [{"time": "2021winter", "N_exam": 35, "N_passed": 35, "exam_avg": 10.7, "grade_dist": [21, 11, 1, 1, 1, 0, 0, 1]}, {"time": "2020winter", "N_exam": 35, "N_passed": 35, "exam_avg": 8.2, "grade_dist": [7, 11, 10, 2, 4, 0, 0, 1, 0, 2]}, {"time": "2019winter", "N_exam": 23, "N_passed": 23, "exam_avg": 10.3, "grade_dist": [14, 4, 3, 2, 0, 0, 0, 2]}], "course_no": "41316", "grade_percentile": 45.5020920502092, "eval_percentiles": {"learning": 97.16599190283401, "worklevel": 92.98245614035088, "good": 88.32658569500674}, "composites": {"beer_points": 3.526284989759095, "quality_points": 7.0522945570971185, "beer_percentiles": 16.31663974151858, "quality_percentiles": 74.95961227786754}}