{"info": {"language": "Engelsk", "ECTS": 5, "time": "E3B (fre 13-17)", "level": "Kandidat", "name": "Videreg\u00e5ende CFD", "course_no": "41316"}, "grades": [{"time": "2020winter", "N_exam": 35, "N_passed": 35, "exam_avg": 8.2, "grade_dist": [7, 11, 10, 2, 4, 0, 0, 1, 0, 2]}, {"time": "2019winter", "N_exam": 23, "N_passed": 23, "exam_avg": 10.3, "grade_dist": [14, 4, 3, 2, 0, 0, 0, 2]}], "course_no": "41316", "grade_percentile": 56.31244323342416, "eval_percentiles": {"learning": 44.24686192468619, "worklevel": 18.723849372384937, "good": 62.81380753138075}, "composites": {"beer_points": 6.6037957576825885, "quality_points": 7.063817100535079, "beer_percentiles": 79.04040404040404, "quality_percentiles": 73.61111111111111}}