{"info": {"language": "Engelsk", "ECTS": 10, "time": "F5B (ons 13-17)  og  E5B (ons 13-17)", "level": "Bachelor", "name": "\u00d8kobil", "course_no": "41341"}, "evals": [{"time": "F-19-13", "N_responses": 2, "learning_answers": [2, 0, 0, 0, 0], "participation_answers": [2, 0, 0, 0, 0], "material_answers": [1, 0, 1, 0, 0], "clear_answers": [1, 1, 0, 0, 0], "connection_answers": [1, 1, 0, 0, 0], "worklevel_answers": [0, 0, 1, 1, 0], "prerequisite_answers": [0, 0, 2, 0, 0], "good_answers": [1, 1, 0, 0, 0]}], "eval_points": [{"time": "F-19-13", "learning": 10.0, "worklevel": 6.25, "good": 8.75, "N": 2}], "course_no": "41341", "grade_percentile": 21.19071644803229, "eval_percentiles": {"learning": 59.029649595687324, "worklevel": 63.14016172506738, "good": 44.40700808625336}, "composites": {"beer_points": 4.472902891222612, "quality_points": 5.64150507546734, "beer_percentiles": 25.40192926045016, "quality_percentiles": 41.31832797427653}}