{"info": {"language": "Engelsk", "ECTS": 5, "time": "Januar", "level": "Ph.d.", "name": "High Performance Computing: FORTRAN, OpenMP and MPI", "course_no": "41391"}, "evals": [{"time": "E-18-03", "N_responses": 7, "learning_answers": [6, 1, 0, 0, 0], "participation_answers": [5, 1, 1, 0, 0], "material_answers": [3, 3, 1, 0, 0], "clear_answers": [2, 0, 5, 0, 0], "connection_answers": [4, 3, 0, 0, 0], "worklevel_answers": [0, 1, 4, 2, 0], "prerequisite_answers": [0, 1, 6, 0, 0], "good_answers": [4, 2, 0, 0, 0]}], "eval_points": [{"time": "E-18-03", "learning": 9.642857142857142, "worklevel": 5.357142857142857, "good": 7.857142857142857, "N": 7}], "course_no": "41391", "grade_percentile": 97.72933696639419, "eval_percentiles": {"learning": 60.09414225941423, "worklevel": 97.22803347280335, "good": 61.76778242677824}, "composites": {"beer_points": 5.052252524489436, "quality_points": 6.87211249419977, "beer_percentiles": 39.015151515151516, "quality_percentiles": 69.1919191919192}}