{"info": {"language": "Engelsk", "ECTS": 5, "time": "F2A (man 13-17)", "level": "Kandidat", "name": "Videreg\u00e5ende dynamik og svingninger", "course_no": "41522"}, "grades": [{"time": "2022summer", "N_exam": 31, "N_passed": 29, "exam_avg": 9.0, "grade_dist": [9, 14, 4, 2, 0, 0, 2, 3]}, {"time": "2021summer", "N_exam": 26, "N_passed": 25, "exam_avg": 9.4, "grade_dist": [15, 3, 3, 3, 1, 1, 0, 1]}], "course_no": "41522", "grade_percentile": 3.077699293642785, "eval_percentiles": {"learning": 35.04043126684636, "worklevel": 47.304582210242586, "good": 27.762803234501344}, "composites": {"beer_points": 3.2375561092013836, "quality_points": 3.8506489857841224, "beer_percentiles": 10.289389067524116, "quality_percentiles": 13.665594855305466}}