{"info": {"language": "Engelsk", "ECTS": 5, "time": "F2A (man 13-17)", "level": "Kandidat", "name": "Videreg\u00e5ende dynamik og svingninger", "course_no": "41522"}, "grades": [{"time": "2022summer", "N_exam": 31, "N_passed": 29, "exam_avg": 9.0, "grade_dist": [9, 14, 4, 2, 0, 0, 2, 3]}, {"time": "2021summer", "N_exam": 26, "N_passed": 25, "exam_avg": 9.4, "grade_dist": [15, 3, 3, 3, 1, 1, 0, 1]}], "course_no": "41522", "grade_percentile": 3.03347280334728, "eval_percentiles": {"learning": 35.08771929824562, "worklevel": 47.233468286099864, "good": 27.800269905533064}, "composites": {"beer_points": 3.062953229246022, "quality_points": 3.7260376705414067, "beer_percentiles": 10.823909531502423, "quality_percentiles": 14.054927302100161}}