{"info": {"language": "Engelsk", "ECTS": 5, "time": "F4B (fre 8-12)", "level": "Kandidat", "name": "Avanceret overfladeteknologi", "course_no": "41669"}, "grades": [{"time": "2022summer", "N_exam": 39, "N_passed": 36, "exam_avg": 7.2, "grade_dist": [7, 7, 15, 4, 3, 3, 0, 1]}, {"time": "2021summer", "N_exam": 37, "N_passed": 35, "exam_avg": 6.6, "grade_dist": [5, 8, 9, 8, 5, 2, 0, 1, 1]}], "course_no": "41669", "grade_percentile": 33.10669456066945, "eval_percentiles": {"learning": 79.82456140350877, "worklevel": 10.256410256410255, "good": 80.43184885290148}, "composites": {"beer_points": 6.325892421730225, "quality_points": 7.577107790821772, "beer_percentiles": 74.47495961227787, "quality_percentiles": 86.26817447495961}}