{"info": {"language": "Engelsk", "ECTS": 5, "time": "F4B (fre 8-12)", "level": "Kandidat", "name": "Avanceret overfladeteknologi", "course_no": "41669"}, "grades": [{"time": "2022summer", "N_exam": 39, "N_passed": 36, "exam_avg": 7.2, "grade_dist": [7, 7, 15, 4, 3, 3, 0, 1]}, {"time": "2021summer", "N_exam": 37, "N_passed": 35, "exam_avg": 6.6, "grade_dist": [5, 8, 9, 8, 5, 2, 0, 1, 1]}], "course_no": "41669", "grade_percentile": 33.70332996972755, "eval_percentiles": {"learning": 79.7843665768194, "worklevel": 10.242587601078167, "good": 80.32345013477088}, "composites": {"beer_points": 6.418368339167639, "quality_points": 7.6252304554191355, "beer_percentiles": 74.91961414790997, "quality_percentiles": 86.0128617363344}}