{"info": {"language": "Dansk", "ECTS": 5, "time": "F1B (tors 13-17)  og  E1B (tors 13-17)", "level": "Diplomingeni\u00f8r", "name": "Materialel\u00e6re", "course_no": "41686"}, "grades": [{"time": "2022summer", "N_exam": 51, "N_passed": 43, "exam_avg": 5.6, "grade_dist": [4, 9, 14, 9, 7, 8, 0, 4]}, {"time": "2021winter", "N_exam": 30, "N_passed": 28, "exam_avg": 6.8, "grade_dist": [1, 11, 7, 7, 2, 2, 0, 2]}, {"time": "2021summer", "N_exam": 79, "N_passed": 74, "exam_avg": 6.2, "grade_dist": [4, 14, 33, 14, 9, 5, 0, 1, 2]}, {"time": "2020winter", "N_exam": 10, "N_passed": 10, "exam_avg": 7.7, "grade_dist": [3, 1, 3, 2, 1, 0, 0, 2]}], "course_no": "41686", "grade_percentile": 94.40376569037656, "eval_percentiles": {"learning": 93.79217273954116, "worklevel": 36.70715249662618, "good": 92.84750337381917}, "composites": {"beer_points": 7.428069833219546, "quality_points": 9.338313767342584, "beer_percentiles": 93.37641357027464, "quality_percentiles": 99.03069466882069}}