{"info": {"language": "Dansk", "ECTS": 5, "time": "F1B (tors 13-17)  og  E1B (tors 13-17)", "level": "Diplomingeni\u00f8r", "name": "Materialel\u00e6re", "course_no": "41686"}, "grades": [{"time": "2021summer", "N_exam": 79, "N_passed": 74, "exam_avg": 6.2, "grade_dist": [4, 14, 33, 14, 9, 5, 0, 1, 2]}, {"time": "2020winter", "N_exam": 10, "N_passed": 10, "exam_avg": 7.7, "grade_dist": [3, 1, 3, 2, 1, 0, 0, 2]}], "course_no": "41686", "grade_percentile": 76.47593097184378, "eval_percentiles": {"learning": 76.0460251046025, "worklevel": 94.8744769874477, "good": 79.4979079497908}, "composites": {"beer_points": 4.479111581173981, "quality_points": 6.9495833921762475, "beer_percentiles": 26.38888888888889, "quality_percentiles": 70.89646464646465}}