{"info": {"language": "Dansk", "ECTS": 10, "time": "Januar  ,  F5B (ons 13-17)  og  F5A (ons 8-12)", "level": "Bachelor", "name": "Produktionsteknologi og Produktionsstyring", "course_no": "41714"}, "grades": [{"time": "2022summer", "N_exam": 58, "N_passed": 58, "exam_avg": 7.6, "grade_dist": [7, 15, 23, 9, 4, 0, 0, 7]}, {"time": "2021summer", "N_exam": 61, "N_passed": 61, "exam_avg": 8.3, "grade_dist": [5, 21, 33, 2, 0, 0, 0, 12]}, {"time": "2020summer", "N_exam": 58, "N_passed": 58, "exam_avg": 9.7, "grade_dist": [8, 39, 11, 0, 0, 0, 0, 2]}], "course_no": "41714", "grade_percentile": 19.560669456066943, "eval_percentiles": {"learning": 65.45209176788124, "worklevel": 6.41025641025641, "good": 42.71255060728745}, "composites": {"beer_points": 6.060909002243245, "quality_points": 6.417289220917823, "beer_percentiles": 69.46688206785137, "quality_percentiles": 61.55088852988691}}