{"info": {"language": "Dansk", "ECTS": 10, "time": "Januar  ,  F5B (ons 13-17)  og  F5A (ons 8-12)", "level": "Bachelor", "name": "Produktionsteknologi og Produktionsstyring", "course_no": "41714"}, "grades": [{"time": "2022summer", "N_exam": 58, "N_passed": 58, "exam_avg": 7.6, "grade_dist": [7, 15, 23, 9, 4, 0, 0, 7]}, {"time": "2021summer", "N_exam": 61, "N_passed": 61, "exam_avg": 8.3, "grade_dist": [5, 21, 33, 2, 0, 0, 0, 12]}, {"time": "2020summer", "N_exam": 58, "N_passed": 58, "exam_avg": 9.7, "grade_dist": [8, 39, 11, 0, 0, 0, 0, 2]}], "course_no": "41714", "grade_percentile": 19.8284561049445, "eval_percentiles": {"learning": 65.36388140161725, "worklevel": 6.401617250673854, "good": 42.654986522911045}, "composites": {"beer_points": 6.160054453520031, "quality_points": 6.488447809202527, "beer_percentiles": 69.7749196141479, "quality_percentiles": 60.77170418006431}}