{"info": {"language": "Engelsk", "ECTS": 5, "time": "F3B (fre 13-17)", "level": "Kandidat", "name": "Modellering i materiale- og procesteknologi - termomekanik", "course_no": "41748"}, "evals": [{"time": "F-19-13", "N_responses": 11, "learning_answers": [8, 2, 1, 0, 0], "participation_answers": [6, 3, 2, 0, 0], "material_answers": [4, 7, 0, 0, 0], "clear_answers": [3, 2, 4, 1, 0], "connection_answers": [6, 2, 3, 0, 0], "worklevel_answers": [1, 0, 8, 1, 1], "prerequisite_answers": [0, 0, 11, 0, 0], "good_answers": [9, 1, 1, 0, 0]}, {"time": "F-18-13", "N_responses": 11, "learning_answers": [8, 2, 1, 0, 0], "participation_answers": [7, 1, 2, 1, 0], "material_answers": [4, 3, 1, 2, 0], "clear_answers": [5, 0, 5, 1, 0], "connection_answers": [7, 2, 2, 0, 0], "worklevel_answers": [0, 0, 1, 6, 4], "prerequisite_answers": [0, 2, 8, 1, 0], "good_answers": [7, 2, 2, 0, 0]}], "eval_points": [{"time": "F-19-13", "learning": 9.09090909090909, "worklevel": 5.227272727272727, "good": 9.318181818181818, "N": 11}, {"time": "F-18-13", "learning": 9.09090909090909, "worklevel": 8.181818181818182, "good": 8.636363636363637, "N": 11}], "grades": [{"time": "2016summer", "N_exam": 22, "N_passed": 20, "exam_avg": 9.6, "grade_dist": [13, 3, 4, 0, 0, 1, 1, 1]}], "course_no": "41748", "grade_percentile": 11.126248864668483, "eval_percentiles": {"learning": 51.46443514644351, "worklevel": 45.81589958158996, "good": 41.52719665271967}, "composites": {"beer_points": 4.372734309735666, "quality_points": 5.1488060517121745, "beer_percentiles": 24.36868686868687, "quality_percentiles": 31.818181818181817}}