{"info": {"language": "Dansk", "ECTS": 10, "time": "E5 (ons 8-17)  og  F5 (ons 8-17)  eller    E2B (tors 8-12)  og  E1B (tors 13-17)  eller    F2B (tors 8-12)  og  F1B (tors 13-17)", "level": "Diplomingeni\u00f8r", "name": "Produktionsteknologi", "course_no": "41787"}, "grades": [{"time": "2021summer", "N_exam": 48, "N_passed": 47, "exam_avg": 7.7, "grade_dist": [7, 8, 26, 5, 1, 1, 0, 30]}, {"time": "2020summer", "N_exam": 67, "N_passed": 67, "exam_avg": 7.2, "grade_dist": [1, 17, 34, 15, 0, 0, 0, 33]}], "course_no": "41787", "grade_percentile": 33.69663941871026, "eval_percentiles": {"learning": 14.696652719665272, "worklevel": 27.144351464435147, "good": 11.45397489539749}, "composites": {"beer_points": 5.723099393115257, "quality_points": 4.30266104464664, "beer_percentiles": 56.69191919191919, "quality_percentiles": 18.434343434343436}}