{"info": {"language": "Engelsk", "ECTS": 5, "time": "F4A (tirs 13-17)", "level": "Kandidat", "name": "Analyse af transportsystemer: Udbud og Modellering", "course_no": "42187"}, "grades": [{"time": "2021summer", "N_exam": 38, "N_passed": 38, "exam_avg": 8.1, "grade_dist": [9, 10, 10, 5, 4, 0, 0, 1]}, {"time": "2020summer", "N_exam": 41, "N_passed": 38, "exam_avg": 8.0, "grade_dist": [10, 8, 16, 4, 0, 3, 0, 2]}], "course_no": "42187", "grade_percentile": 83.96911898274296, "eval_percentiles": {"learning": 48.69246861924686, "worklevel": 8.577405857740585, "good": 58.57740585774059}, "composites": {"beer_points": 7.807156707209588, "quality_points": 7.839602064993961, "beer_percentiles": 95.95959595959596, "quality_percentiles": 88.13131313131314}}