{"info": {"language": "Engelsk", "ECTS": 5, "time": "F4B (fre 8-12)", "level": "Kandidat", "name": "Model-based machine learning", "course_no": "42186"}, "grades": [{"time": "2021summer", "N_exam": 128, "N_passed": 128, "exam_avg": 8.9, "grade_dist": [23, 47, 53, 5, 0, 0, 0, 5]}, {"time": "2020summer", "N_exam": 82, "N_passed": 82, "exam_avg": 9.7, "grade_dist": [18, 46, 17, 1, 0, 0, 0, 3]}, {"time": "2019summer", "N_exam": 62, "N_passed": 62, "exam_avg": 9.5, "grade_dist": [21, 25, 10, 3, 3, 0, 0, 7]}, {"time": "2018summer", "N_exam": 16, "N_passed": 16, "exam_avg": 9.1, "grade_dist": [3, 7, 5, 1, 0, 0, 0, 2]}], "course_no": "42186", "grade_percentile": 70.07266121707539, "eval_percentiles": {"learning": 13.07531380753138, "worklevel": 16.213389121338913, "good": 17.573221757322177}, "composites": {"beer_points": 7.0415215448859385, "quality_points": 5.446581186175731, "beer_percentiles": 88.51010101010101, "quality_percentiles": 38.38383838383838}}