{"info": {"language": "Engelsk", "ECTS": 5, "time": "F2B (tors 8-12)", "level": "Kandidat", "name": "Planl\u00e6gning og modellering af kollektiv trafik", "course_no": "42185"}, "evals": [{"time": "F-19-13", "N_responses": 19, "learning_answers": [5, 3, 3, 7, 1], "participation_answers": [3, 3, 7, 5, 1], "material_answers": [3, 3, 6, 6, 1], "clear_answers": [2, 7, 4, 3, 3], "connection_answers": [3, 4, 3, 7, 2], "worklevel_answers": [0, 4, 12, 3, 0], "prerequisite_answers": [1, 2, 14, 2, 0], "good_answers": [4, 3, 4, 7, 1]}], "eval_points": [{"time": "F-19-13", "learning": 5.526315789473685, "worklevel": 4.868421052631579, "good": 5.263157894736842, "N": 19}], "grades": [{"time": "2021summer", "N_exam": 31, "N_passed": 31, "exam_avg": 9.2, "grade_dist": [5, 15, 10, 1, 0, 0, 0, 2]}, {"time": "2020summer", "N_exam": 25, "N_passed": 25, "exam_avg": 8.6, "grade_dist": [4, 10, 8, 3, 0, 0, 0, 1]}, {"time": "2019summer", "N_exam": 34, "N_passed": 33, "exam_avg": 8.0, "grade_dist": [4, 13, 11, 4, 1, 1, 0, 2]}], "course_no": "42185", "grade_percentile": 94.95912806539509, "eval_percentiles": {"learning": 81.74686192468619, "worklevel": 53.71338912133891, "good": 85.35564853556485}, "composites": {"beer_points": 7.098145210255205, "quality_points": 8.741337015592066, "beer_percentiles": 89.26767676767676, "quality_percentiles": 97.34848484848484}}