{"info": {"language": "Engelsk", "ECTS": 5, "time": "E3A (tirs 8-12)", "level": "Kandidat", "name": "Simulation og modelllering af agent-baserede systemer", "course_no": "42188"}, "grades": [{"time": "2021winter", "N_exam": 26, "N_passed": 26, "exam_avg": 8.8, "grade_dist": [1, 15, 9, 1, 0, 0, 0, 2]}, {"time": "2020winter", "N_exam": 17, "N_passed": 17, "exam_avg": 8.4, "grade_dist": [3, 6, 5, 3, 0, 0, 0, 1, 1]}], "course_no": "42188", "grade_percentile": 85.09414225941423, "eval_percentiles": {"learning": 20.10796221322537, "worklevel": 47.908232118758434, "good": 24.898785425101213}, "composites": {"beer_points": 6.727033329491147, "quality_points": 5.889589599301447, "beer_percentiles": 84.00646203554119, "quality_percentiles": 48.62681744749596}}