{"info": {"language": "Engelsk", "ECTS": 5, "time": "E3A (tirs 8-12)", "level": "Kandidat", "name": "Simulation og modelllering af agent-baserede systemer", "course_no": "42188"}, "grades": [{"time": "2022winter", "N_exam": 27, "N_passed": 26, "exam_avg": 7.3, "grade_dist": [4, 5, 11, 5, 1, 1, 0, 1]}, {"time": "2021winter", "N_exam": 26, "N_passed": 26, "exam_avg": 8.8, "grade_dist": [1, 15, 9, 1, 0, 0, 0, 2]}, {"time": "2020winter", "N_exam": 17, "N_passed": 17, "exam_avg": 8.4, "grade_dist": [3, 6, 5, 3, 0, 0, 0, 1, 1]}], "course_no": "42188", "grade_percentile": 85.62058526740667, "eval_percentiles": {"learning": 20.08086253369272, "worklevel": 47.97843665768194, "good": 24.86522911051213}, "composites": {"beer_points": 6.809412679891093, "quality_points": 5.97122917877635, "beer_percentiles": 83.92282958199357, "quality_percentiles": 49.035369774919616}}