{"info": {"language": "Engelsk", "ECTS": 5, "time": "E2A (man 13-17)", "level": "Kandidat", "name": "B\u00e6redygtighedsindikatorer og b\u00e6redygtig byudvikling", "course_no": "42251"}, "grades": [{"time": "2022winter", "N_exam": 91, "N_passed": 91, "exam_avg": 9.8, "grade_dist": [22, 51, 15, 3, 0, 0, 0, 2]}, {"time": "2021winter", "N_exam": 23, "N_passed": 23, "exam_avg": 10.4, "grade_dist": [12, 7, 3, 1, 0, 0, 0, 1]}], "course_no": "42251", "grade_percentile": 94.39959636730575, "eval_percentiles": {"learning": 82.14285714285714, "worklevel": 55.32345013477089, "good": 84.50134770889487}, "composites": {"beer_points": 7.07683996715502, "quality_points": 8.537870235983446, "beer_percentiles": 88.10289389067525, "quality_percentiles": 96.78456591639872}}