{"info": {"language": "Engelsk", "ECTS": 5, "time": "E2A (man 13-17)", "level": "Kandidat", "name": "B\u00e6redygtighed i ledelse", "course_no": "42351"}, "evals": [{"time": "E-18-13", "N_responses": 55, "learning_answers": [9, 15, 17, 11, 3], "participation_answers": [8, 10, 22, 12, 3], "material_answers": [8, 16, 15, 16, 0], "clear_answers": [7, 10, 19, 15, 3], "connection_answers": [10, 12, 19, 11, 1], "worklevel_answers": [3, 14, 27, 8, 3], "prerequisite_answers": [1, 2, 47, 3, 2], "good_answers": [11, 15, 16, 10, 2]}], "eval_points": [{"time": "E-18-13", "learning": 5.7272727272727275, "worklevel": 4.7272727272727275, "good": 5.954545454545455, "N": 55}], "grades": [{"time": "2020winter", "N_exam": 230, "N_passed": 230, "exam_avg": 9.3, "grade_dist": [43, 118, 57, 12, 0, 0, 0, 2]}, {"time": "2018winter", "N_exam": 122, "N_passed": 122, "exam_avg": 9.3, "grade_dist": [23, 62, 30, 7, 0, 0, 0, 3]}], "course_no": "42351", "grade_percentile": 39.055404178019984, "eval_percentiles": {"learning": 97.01882845188284, "worklevel": 82.94979079497908, "good": 72.3326359832636}, "composites": {"beer_points": 4.331041776837652, "quality_points": 7.047497999340964, "beer_percentiles": 23.61111111111111, "quality_percentiles": 73.35858585858585}}