{"info": {"language": "Engelsk", "ECTS": 5, "time": "Juni", "level": "Kandidat", "name": "Human Factors and Implementation management", "course_no": "42373"}, "evals": [{"time": "E-18-03", "N_responses": 13, "learning_answers": [9, 4, 0, 0, 0], "participation_answers": [12, 1, 0, 0, 0], "material_answers": [2, 5, 6, 0, 0], "clear_answers": [2, 3, 7, 1, 0], "connection_answers": [8, 4, 1, 0, 0], "worklevel_answers": [0, 0, 3, 5, 5], "prerequisite_answers": [0, 0, 13, 0, 0], "good_answers": [9, 3, 0, 1, 0]}], "eval_points": [{"time": "E-18-03", "learning": 9.230769230769232, "worklevel": 7.884615384615384, "good": 8.846153846153847, "N": 13}], "grades": [{"time": "2021summer", "N_exam": 79, "N_passed": 79, "exam_avg": 9.8, "grade_dist": [11, 56, 11, 1, 0, 0, 0, 4]}, {"time": "2020summer", "N_exam": 38, "N_passed": 38, "exam_avg": 7.9, "grade_dist": [5, 16, 7, 5, 5, 0, 0, 4]}, {"time": "2016winter", "N_exam": 22, "N_passed": 21, "exam_avg": 7.6, "grade_dist": [4, 6, 5, 6, 0, 1, 0, 1]}], "course_no": "42373", "grade_percentile": 76.47593097184378, "eval_percentiles": {"learning": 56.38075313807531, "worklevel": 60.35564853556485, "good": 57.00836820083682}, "composites": {"beer_points": 6.138286620835536, "quality_points": 7.009603163395002, "beer_percentiles": 68.81313131313131, "quality_percentiles": 72.0959595959596}}