{"info": {"language": "Engelsk", "ECTS": 5, "time": "F5A (ons 8-12)", "level": "Kandidat", "name": "Supply Chain Analytics", "course_no": "42380"}, "grades": [{"time": "2022summer", "N_exam": 150, "N_passed": 142, "exam_avg": 6.9, "grade_dist": [16, 35, 49, 31, 11, 8, 0, 4]}, {"time": "2021summer", "N_exam": 139, "N_passed": 136, "exam_avg": 8.8, "grade_dist": [45, 38, 38, 7, 8, 3, 0, 4]}, {"time": "2020summer", "N_exam": 83, "N_passed": 83, "exam_avg": 9.3, "grade_dist": [21, 37, 18, 5, 2, 0, 0, 2]}], "course_no": "42380", "grade_percentile": 89.38284518828452, "eval_percentiles": {"learning": 7.28744939271255, "worklevel": 75.16869095816465, "good": 14.5748987854251}, "composites": {"beer_points": 6.032746513215644, "quality_points": 4.569548203486303, "beer_percentiles": 68.82067851373182, "quality_percentiles": 24.878836833602584}}