{"info": {"language": "Engelsk", "ECTS": 5, "time": "F5A (ons 8-12)", "level": "Kandidat", "name": "Supply Chain Analytics", "course_no": "42380"}, "grades": [{"time": "2022summer", "N_exam": 150, "N_passed": 142, "exam_avg": 6.9, "grade_dist": [16, 35, 49, 31, 11, 8, 0, 4]}, {"time": "2021summer", "N_exam": 139, "N_passed": 136, "exam_avg": 8.8, "grade_dist": [45, 38, 38, 7, 8, 3, 0, 4]}, {"time": "2020summer", "N_exam": 83, "N_passed": 83, "exam_avg": 9.3, "grade_dist": [21, 37, 18, 5, 2, 0, 0, 2]}], "course_no": "42380", "grade_percentile": 89.70736629667003, "eval_percentiles": {"learning": 7.277628032345013, "worklevel": 75.2021563342318, "good": 14.555256064690026}, "composites": {"beer_points": 6.132600803837676, "quality_points": 4.677405998160714, "beer_percentiles": 69.13183279742765, "quality_percentiles": 24.59807073954984}}