{"info": {"language": "Dansk", "ECTS": 5, "time": "E1A (man 8-12)", "level": "Bachelor", "name": "Introduktion til Operations og Supply Chain Management", "course_no": "42587"}, "grades": [{"time": "2020winter", "N_exam": 96, "N_passed": 85, "exam_avg": 7.2, "grade_dist": [18, 14, 28, 21, 4, 4, 0, 0, 7, 1, 1]}, {"time": "2019winter", "N_exam": 90, "N_passed": 86, "exam_avg": 7.1, "grade_dist": [11, 24, 27, 15, 9, 3, 1, 3]}], "course_no": "42587", "grade_percentile": 24.38692098092643, "eval_percentiles": {"learning": 61.61087866108787, "worklevel": 25.052301255230127, "good": 56.32845188284519}, "composites": {"beer_points": 5.508792404432368, "quality_points": 6.361316587857745, "beer_percentiles": 51.515151515151516, "quality_percentiles": 56.81818181818182}}