{"info": {"language": "Engelsk", "ECTS": 10, "time": "F3 (tirs 8-12, fre 13-17)  eller  E3 (tirs 8-12, fre 13-17)", "level": "Kandidat", "name": "X-Tech Entrepreneurship", "course_no": "42634"}, "evals": [{"time": "F-19-13", "N_responses": 32, "learning_answers": [15, 11, 3, 3, 0], "participation_answers": [16, 11, 2, 2, 1], "material_answers": [9, 11, 8, 4, 0], "clear_answers": [7, 9, 10, 3, 3], "connection_answers": [12, 14, 3, 3, 0], "worklevel_answers": [0, 0, 21, 10, 1], "prerequisite_answers": [0, 0, 31, 1, 0], "good_answers": [18, 10, 1, 2, 1]}], "eval_points": [{"time": "F-19-13", "learning": 7.96875, "worklevel": 5.9375, "good": 8.28125, "N": 32}], "grades": [{"time": "2021summer", "N_exam": 194, "N_passed": 194, "exam_avg": 8.7, "grade_dist": [28, 70, 92, 4, 0, 0, 0, 2]}], "course_no": "42634", "grade_percentile": 83.96911898274296, "eval_percentiles": {"learning": 14.01673640167364, "worklevel": 71.39121338912133, "good": 23.169456066945607}, "composites": {"beer_points": 6.028396070701729, "quality_points": 5.25764636907131, "beer_percentiles": 66.91919191919192, "quality_percentiles": 33.83838383838384}}