{"info": {"language": "Engelsk", "ECTS": 1.5, "time": "Efter\u00e5r", "level": "Ph.d.", "name": "Research and PhD studies at DTU Management", "course_no": "42702"}, "evals": [{"time": "E-18-13", "N_responses": 22, "learning_answers": [8, 9, 3, 2, 0], "participation_answers": [19, 3, 0, 0, 0], "material_answers": [10, 7, 4, 1, 0], "clear_answers": [8, 5, 7, 1, 1], "connection_answers": [17, 5, 0, 0, 0], "worklevel_answers": [0, 3, 19, 0, 0], "prerequisite_answers": [0, 0, 22, 0, 0], "good_answers": [15, 5, 2, 0, 0]}], "eval_points": [{"time": "E-18-13", "learning": 7.613636363636363, "worklevel": 4.659090909090909, "good": 8.977272727272727, "N": 22}], "course_no": "42702", "grade_percentile": 56.31244323342416, "eval_percentiles": {"learning": 2.510460251046025, "worklevel": 7.845188284518828, "good": 8.786610878661088}, "composites": {"beer_points": 7.153982981587422, "quality_points": 4.220201490361074, "beer_percentiles": 90.15151515151516, "quality_percentiles": 17.67676767676768}}