{"info": {"language": "Engelsk", "ECTS": 1.5, "time": "Efter\u00e5r  og  For\u00e5r  eller  August", "level": "Ph.d.", "name": "Research and PhD studies at DTU Management", "course_no": "42702"}, "evals": [{"time": "E-18-13", "N_responses": 22, "learning_answers": [8, 9, 3, 2, 0], "participation_answers": [19, 3, 0, 0, 0], "material_answers": [10, 7, 4, 1, 0], "clear_answers": [8, 5, 7, 1, 1], "connection_answers": [17, 5, 0, 0, 0], "worklevel_answers": [0, 3, 19, 0, 0], "prerequisite_answers": [0, 0, 22, 0, 0], "good_answers": [15, 5, 2, 0, 0]}], "eval_points": [{"time": "E-18-13", "learning": 7.613636363636363, "worklevel": 4.659090909090909, "good": 8.977272727272727, "N": 22}], "course_no": "42702", "grade_percentile": 24.006276150627613, "eval_percentiles": {"learning": 60.32388663967611, "worklevel": 25.978407557354924, "good": 53.9136302294197}, "composites": {"beer_points": 5.3315093647948295, "quality_points": 6.192396864534649, "beer_percentiles": 50.080775444264944, "quality_percentiles": 54.76575121163167}}