{"info": {"language": "Engelsk", "ECTS": 5, "time": "August", "level": "Ph.d.", "name": "Introduktion til Balmorel", "course_no": "42712"}, "evals": [{"time": "F-18-13", "N_responses": 9, "learning_answers": [7, 1, 0, 1, 0], "participation_answers": [7, 0, 1, 1, 0], "material_answers": [6, 1, 0, 2, 0], "clear_answers": [5, 1, 2, 1, 0], "connection_answers": [6, 1, 1, 1, 0], "worklevel_answers": [0, 1, 6, 2, 0], "prerequisite_answers": [0, 0, 7, 2, 0], "good_answers": [7, 1, 0, 1, 0]}], "eval_points": [{"time": "F-18-13", "learning": 8.88888888888889, "worklevel": 5.277777777777778, "good": 8.88888888888889, "N": 9}], "course_no": "42712", "grade_percentile": 85.60399636693914, "eval_percentiles": {"learning": 6.485355648535565, "worklevel": 2.928870292887029, "good": 14.01673640167364}, "composites": {"beer_points": 8.392384981491274, "quality_points": 5.782139999058515, "beer_percentiles": 98.86363636363636, "quality_percentiles": 44.823232323232325}}