{"info": {"language": "Engelsk", "ECTS": 5, "time": "E2B (tors 8-12)", "level": "Kandidat", "name": "Beslutningsst\u00f8tte og strategisk vurdering", "course_no": "42879"}, "evals": [{"time": "E-18-13", "N_responses": 14, "learning_answers": [8, 5, 1, 0, 0], "participation_answers": [6, 4, 3, 1, 0], "material_answers": [7, 7, 0, 0, 0], "clear_answers": [7, 4, 2, 1, 0], "connection_answers": [7, 5, 2, 0, 0], "worklevel_answers": [0, 1, 9, 4, 0], "prerequisite_answers": [0, 1, 12, 0, 0], "good_answers": [9, 4, 1, 0, 0]}], "eval_points": [{"time": "E-18-13", "learning": 8.75, "worklevel": 5.5357142857142865, "good": 8.928571428571429, "N": 14}], "grades": [{"time": "2021winter", "N_exam": 165, "N_passed": 155, "exam_avg": 6.0, "grade_dist": [12, 26, 55, 42, 20, 10, 0, 2, 2]}, {"time": "2020winter", "N_exam": 130, "N_passed": 124, "exam_avg": 7.3, "grade_dist": [12, 33, 52, 27, 0, 6, 0, 2]}, {"time": "2019winter", "N_exam": 81, "N_passed": 81, "exam_avg": 8.5, "grade_dist": [15, 28, 25, 12, 1, 0, 0, 1]}], "course_no": "42879", "grade_percentile": 72.45206861755803, "eval_percentiles": {"learning": 54.649595687331534, "worklevel": 45.41778975741239, "good": 61.59029649595687}, "composites": {"beer_points": 6.462191410986799, "quality_points": 7.184925042860671, "beer_percentiles": 75.72347266881029, "quality_percentiles": 76.84887459807074}}