{"info": {"language": "Dansk", "ECTS": 5, "time": "E4B (fre 8-12)", "level": "Bachelor", "name": "Planl\u00e6gning og modellering af infrastruktur", "course_no": "42973"}, "evals": [{"time": "E-18-13", "N_responses": 15, "learning_answers": [10, 4, 0, 1, 0], "participation_answers": [11, 2, 1, 0, 1], "material_answers": [1, 6, 6, 2, 0], "clear_answers": [2, 8, 2, 2, 1], "connection_answers": [5, 8, 1, 1, 0], "worklevel_answers": [0, 0, 0, 4, 11], "prerequisite_answers": [0, 0, 10, 3, 2], "good_answers": [6, 8, 1, 0, 0]}], "eval_points": [{"time": "E-18-13", "learning": 8.833333333333332, "worklevel": 9.333333333333334, "good": 8.333333333333334, "N": 15}], "grades": [{"time": "2021summer", "N_exam": 27, "N_passed": 25, "exam_avg": 8.5, "grade_dist": [10, 5, 8, 0, 2, 2, 0, 4]}, {"time": "2020summer", "N_exam": 34, "N_passed": 34, "exam_avg": 7.5, "grade_dist": [10, 4, 7, 10, 3, 0, 0, 6]}, {"time": "2018winter", "N_exam": 16, "N_passed": 16, "exam_avg": 9.1, "grade_dist": [2, 9, 4, 1, 0, 0, 0, 4]}], "course_no": "42973", "grade_percentile": 93.91462306993643, "eval_percentiles": {"learning": 68.14853556485356, "worklevel": 82.94979079497908, "good": 89.17364016736401}, "composites": {"beer_points": 5.966860567600917, "quality_points": 7.981452713835148, "beer_percentiles": 64.58333333333333, "quality_percentiles": 90.53030303030303}}