{"info": {"language": "Engelsk", "ECTS": 10, "time": "E1 (man 8-12, tors 13-17)", "level": "Kandidat", "name": "Vindm\u00f8ller og m\u00e5leteknik", "course_no": "46400"}, "evals": [{"time": "E-18-13", "N_responses": 15, "learning_answers": [7, 6, 2, 0, 0], "participation_answers": [5, 6, 2, 2, 0], "material_answers": [2, 7, 2, 4, 0], "clear_answers": [2, 7, 5, 1, 0], "connection_answers": [5, 5, 5, 0, 0], "worklevel_answers": [0, 1, 5, 7, 2], "prerequisite_answers": [1, 0, 13, 0, 0], "good_answers": [7, 5, 3, 0, 0]}], "eval_points": [{"time": "E-18-13", "learning": 8.333333333333334, "worklevel": 6.666666666666666, "good": 8.166666666666666, "N": 15}], "grades": [{"time": "2017winter", "N_exam": 31, "N_passed": 27, "exam_avg": 6.8, "grade_dist": [7, 5, 6, 8, 1, 4, 0, 2]}, {"time": "2016winter", "N_exam": 30, "N_passed": 27, "exam_avg": 7.6, "grade_dist": [1, 12, 11, 3, 0, 2, 0, 0, 1]}, {"time": "2013winter", "N_exam": 17, "N_passed": 13, "exam_avg": 6.6, "grade_dist": [3, 4, 5, 0, 1, 4, 0, 1]}], "course_no": "46400", "grade_percentile": 21.19071644803229, "eval_percentiles": {"learning": 75.6064690026954, "worklevel": 47.97843665768194, "good": 61.99460916442048}, "composites": {"beer_points": 4.8926487747958, "quality_points": 6.362637872071835, "beer_percentiles": 35.852090032154344, "quality_percentiles": 57.234726688102896}}