{"info": {"language": "Engelsk", "ECTS": 5, "time": "F1A (man 8-12)", "level": "Kandidat", "name": "Storskala superlederteknologi", "course_no": "47325"}, "evals": [{"time": "F-18-13", "N_responses": 7, "learning_answers": [4, 2, 1, 0, 0], "participation_answers": [4, 2, 1, 0, 0], "material_answers": [1, 5, 1, 0, 0], "clear_answers": [2, 2, 3, 0, 0], "connection_answers": [2, 5, 0, 0, 0], "worklevel_answers": [0, 4, 3, 0, 0], "prerequisite_answers": [0, 0, 7, 0, 0], "good_answers": [4, 3, 0, 0, 0]}], "eval_points": [{"time": "F-18-13", "learning": 8.571428571428571, "worklevel": 3.5714285714285716, "good": 8.928571428571429, "N": 7}], "grades": [{"time": "2018summer", "N_exam": 13, "N_passed": 13, "exam_avg": 8.6, "grade_dist": [4, 4, 2, 2, 1, 0, 0, 2]}], "course_no": "47325", "grade_percentile": 81.33198789101917, "eval_percentiles": {"learning": 24.86522911051213, "worklevel": 98.51752021563341, "good": 19.474393530997304}, "composites": {"beer_points": 3.58939452871775, "quality_points": 4.352785296181524, "beer_percentiles": 14.630225080385852, "quality_percentiles": 18.488745980707396}}