{"info": {"language": "Engelsk", "ECTS": 5, "time": "E2A (man 13-17)", "level": "Ph.d.", "name": "Ph.d.-kursus om avanceret elektrokemi", "course_no": "47514"}, "grades": [{"time": "2020winter", "N_exam": 20, "N_passed": 20, "exam_avg": 8.2, "grade_dist": [3, 8, 4, 5, 0, 0, 0, 1]}, {"time": "2019winter", "N_exam": 11, "N_passed": 11, "exam_avg": 7.2, "grade_dist": [1, 1, 7, 2, 0, 0, 0, 2]}], "course_no": "47514", "grade_percentile": 67.52951861943687, "eval_percentiles": {"learning": 84.30962343096235, "worklevel": 61.71548117154812, "good": 84.4142259414226}, "composites": {"beer_points": 5.870161919871069, "quality_points": 7.850182581152785, "beer_percentiles": 61.48989898989899, "quality_percentiles": 88.25757575757575}}