{"info": {"language": "Engelsk", "ECTS": 7.5, "time": "Efter\u00e5r  og  E4B (fre 8-12)", "level": "Ph.d.", "name": "Ph.d.-kursus om moderne energiforskning", "course_no": "47513"}, "evals": [{"time": "E-18-13", "N_responses": 12, "learning_answers": [5, 5, 0, 2, 0], "participation_answers": [10, 1, 1, 0, 0], "material_answers": [5, 3, 3, 0, 1], "clear_answers": [6, 3, 3, 0, 0], "connection_answers": [10, 2, 0, 0, 0], "worklevel_answers": [1, 2, 9, 0, 0], "prerequisite_answers": [1, 0, 11, 0, 0], "good_answers": [8, 1, 0, 2, 1]}], "eval_points": [{"time": "E-18-13", "learning": 7.708333333333334, "worklevel": 4.166666666666667, "good": 7.708333333333334, "N": 12}], "course_no": "47513", "grade_percentile": 67.15438950554996, "eval_percentiles": {"learning": 49.39353099730458, "worklevel": 76.88679245283018, "good": 32.681940700808624}, "composites": {"beer_points": 5.351419681057954, "quality_points": 6.005177891970345, "beer_percentiles": 48.31189710610933, "quality_percentiles": 50.32154340836013}}