{"info": {"language": "Dansk", "ECTS": 5, "time": "E3A (tirs 8-12)  eller  F3A (tirs 8-12)", "level": "Diplomingeni\u00f8r", "name": "Erhvervs\u00f8konomi 2", "course_no": "62174"}, "grades": [{"time": "2021summer", "N_exam": 24, "N_passed": 20, "exam_avg": 5.8, "grade_dist": [4, 4, 3, 6, 3, 4, 0, 1, 10]}, {"time": "2020winter", "N_exam": 52, "N_passed": 48, "exam_avg": 6.9, "grade_dist": [14, 6, 11, 9, 8, 4, 0, 7]}, {"time": "2020summer", "N_exam": 25, "N_passed": 23, "exam_avg": 6.9, "grade_dist": [5, 5, 6, 5, 2, 1, 1, 9]}, {"time": "2019winter", "N_exam": 40, "N_passed": 35, "exam_avg": 7.3, "grade_dist": [11, 8, 5, 11, 0, 5, 0, 1]}], "course_no": "62174", "grade_percentile": 35.37693006357856, "eval_percentiles": {"learning": 63.65062761506276, "worklevel": 77.6673640167364, "good": 65.32426778242677}, "composites": {"beer_points": 4.4746246174062145, "quality_points": 6.152572184206134, "beer_percentiles": 26.262626262626263, "quality_percentiles": 52.65151515151515}}