{"info": {"language": "Engelsk", "ECTS": 5, "time": "E4B (fre 8-12)  og  F4B (fre 8-12)", "level": "Diplomingeni\u00f8r", "name": "\u00d8konomi for ingeni\u00f8rer", "course_no": "62198"}, "grades": [{"time": "2022summer", "N_exam": 30, "N_passed": 30, "exam_avg": 8.6, "grade_dist": [7, 11, 5, 7, 0, 0, 0, 5]}, {"time": "2021winter", "N_exam": 54, "N_passed": 48, "exam_avg": 7.3, "grade_dist": [9, 17, 14, 0, 8, 6, 0, 1, 6]}], "course_no": "62198", "grade_percentile": 37.18619246861925, "eval_percentiles": {"learning": 55.46558704453441, "worklevel": 82.32118758434548, "good": 57.48987854251012}, "composites": {"beer_points": 4.137881368810944, "quality_points": 5.761088084187538, "beer_percentiles": 21.809369951534734, "quality_percentiles": 46.04200323101777}}