{"info": {"language": "Dansk", "ECTS": 5, "time": "Januar", "level": "Diplomingeni\u00f8r", "name": "Vejtrafiksimulering", "course_no": "62191"}, "grades": [{"time": "2021winter", "N_exam": 44, "N_passed": 42, "exam_avg": 7.0, "grade_dist": [8, 10, 8, 13, 3, 2, 0, 1]}, {"time": "2020winter", "N_exam": 33, "N_passed": 30, "exam_avg": 5.6, "grade_dist": [2, 6, 7, 11, 4, 3, 0, 8]}, {"time": "2019winter", "N_exam": 20, "N_passed": 18, "exam_avg": 6.4, "grade_dist": [4, 4, 2, 6, 2, 1, 1, 1]}], "course_no": "62191", "grade_percentile": 9.048117154811715, "eval_percentiles": {"learning": 2.968960863697706, "worklevel": 30.49932523616734, "good": 4.8582995951417}, "composites": {"beer_points": 4.189471878710017, "quality_points": 1.8042910241784125, "beer_percentiles": 22.778675282714055, "quality_percentiles": 2.4232633279483036}}