{"info": {"language": "Dansk", "ECTS": 5, "time": "Januar", "level": "Diplomingeni\u00f8r", "name": "Vejtrafiksimulering", "course_no": "62191"}, "grades": [{"time": "2020winter", "N_exam": 33, "N_passed": 30, "exam_avg": 5.6, "grade_dist": [2, 6, 7, 11, 4, 3, 0, 8]}, {"time": "2019winter", "N_exam": 20, "N_passed": 18, "exam_avg": 6.4, "grade_dist": [4, 4, 2, 6, 2, 1, 1, 1]}], "course_no": "62191", "grade_percentile": 91.46230699364214, "eval_percentiles": {"learning": 5.805439330543933, "worklevel": 64.38284518828452, "good": 11.45397489539749}, "composites": {"beer_points": 6.502732240437158, "quality_points": 4.644824177376076, "beer_percentiles": 77.08333333333333, "quality_percentiles": 23.358585858585858}}