{"info": {"language": "Dansk", "ECTS": 5, "time": "Januar", "level": "Diplomingeni\u00f8r", "name": "Vejtrafiksimulering", "course_no": "62191"}, "grades": [{"time": "2021winter", "N_exam": 44, "N_passed": 42, "exam_avg": 7.0, "grade_dist": [8, 10, 8, 13, 3, 2, 0, 1]}, {"time": "2020winter", "N_exam": 33, "N_passed": 30, "exam_avg": 5.6, "grade_dist": [2, 6, 7, 11, 4, 3, 0, 8]}, {"time": "2019winter", "N_exam": 20, "N_passed": 18, "exam_avg": 6.4, "grade_dist": [4, 4, 2, 6, 2, 1, 1, 1]}], "course_no": "62191", "grade_percentile": 9.283551967709384, "eval_percentiles": {"learning": 2.9649595687331534, "worklevel": 30.45822102425876, "good": 4.851752021563342}, "composites": {"beer_points": 4.3357207044085895, "quality_points": 1.9670714205522277, "beer_percentiles": 23.15112540192926, "quality_percentiles": 2.2508038585209005}}