{"info": {"language": "Engelsk", "ECTS": 5, "time": "E4B (fre 8-12)  og  F4B (fre 8-12)", "level": "Diplomingeni\u00f8r", "name": "\u00d8konomi for ingeni\u00f8rer", "course_no": "62198"}, "grades": [{"time": "2022winter", "N_exam": 58, "N_passed": 58, "exam_avg": 7.9, "grade_dist": [13, 9, 22, 14, 0, 0, 0, 2]}, {"time": "2022summer", "N_exam": 30, "N_passed": 30, "exam_avg": 8.6, "grade_dist": [7, 11, 5, 7, 0, 0, 0, 5]}, {"time": "2021winter", "N_exam": 54, "N_passed": 48, "exam_avg": 7.3, "grade_dist": [9, 17, 14, 0, 8, 6, 0, 1, 6]}], "course_no": "62198", "grade_percentile": 37.84056508577195, "eval_percentiles": {"learning": 55.39083557951482, "worklevel": 82.34501347708894, "good": 57.41239892183288}, "composites": {"beer_points": 4.285428708402305, "quality_points": 5.845279917241306, "beer_percentiles": 22.186495176848876, "quality_percentiles": 46.141479099678456}}