{"info": {"language": "Dansk", "ECTS": 5, "time": "E3B (fre 13-17)", "level": "Diplomingeni\u00f8r", "name": "Vejprojektering og trafiksikkerhed", "course_no": "62199"}, "grades": [{"time": "2022winter", "N_exam": 29, "N_passed": 29, "exam_avg": 8.0, "grade_dist": [7, 8, 4, 10, 0, 0, 0, 7]}, {"time": "2021winter", "N_exam": 29, "N_passed": 29, "exam_avg": 8.0, "grade_dist": [0, 10, 19, 0, 0, 0, 0, 2]}, {"time": "2020winter", "N_exam": 32, "N_passed": 32, "exam_avg": 9.6, "grade_dist": [6, 22, 0, 3, 1, 0, 0, 5]}, {"time": "2019winter", "N_exam": 26, "N_passed": 20, "exam_avg": 6.3, "grade_dist": [0, 10, 4, 6, 0, 4, 0, 0, 2, 1, 7]}], "course_no": "62199", "grade_percentile": 98.23410696266397, "eval_percentiles": {"learning": 62.93800539083558, "worklevel": 79.24528301886792, "good": 63.54447439353099}, "composites": {"beer_points": 6.626993387786853, "quality_points": 7.734565281735094, "beer_percentiles": 80.46623794212219, "quality_percentiles": 87.78135048231512}}