{"info": {"language": "Dansk", "ECTS": 5, "time": "E3B (fre 13-17)", "level": "Diplomingeni\u00f8r", "name": "Vejprojektering og trafiksikkerhed", "course_no": "62199"}, "grades": [{"time": "2021winter", "N_exam": 29, "N_passed": 29, "exam_avg": 8.0, "grade_dist": [0, 10, 19, 0, 0, 0, 0, 2]}, {"time": "2020winter", "N_exam": 32, "N_passed": 32, "exam_avg": 9.6, "grade_dist": [6, 22, 0, 3, 1, 0, 0, 5]}, {"time": "2019winter", "N_exam": 26, "N_passed": 20, "exam_avg": 6.3, "grade_dist": [0, 10, 4, 6, 0, 4, 0, 0, 2, 1, 7]}], "course_no": "62199", "grade_percentile": 94.40376569037656, "eval_percentiles": {"learning": 63.02294197031039, "worklevel": 79.21727395411605, "good": 63.6302294197031}, "composites": {"beer_points": 6.1712314799216195, "quality_points": 7.419714756961291, "beer_percentiles": 72.21324717285945, "quality_percentiles": 83.19870759289176}}