{"info": {"language": "Dansk", "ECTS": 5, "time": "E3B (fre 13-17)", "level": "Diplomingeni\u00f8r", "name": "Vejprojektering og trafiksikkerhed", "course_no": "62199"}, "grades": [{"time": "2020winter", "N_exam": 32, "N_passed": 32, "exam_avg": 9.6, "grade_dist": [6, 22, 0, 3, 1, 0, 0, 5]}, {"time": "2019winter", "N_exam": 26, "N_passed": 20, "exam_avg": 6.3, "grade_dist": [0, 10, 4, 6, 0, 4, 0, 0, 2, 1, 7]}], "course_no": "62199", "grade_percentile": 39.055404178019984, "eval_percentiles": {"learning": 87.13389121338912, "worklevel": 26.04602510460251, "good": 90.95188284518828}, "composites": {"beer_points": 5.933528836754642, "quality_points": 7.937630791747442, "beer_percentiles": 63.38383838383838, "quality_percentiles": 89.77272727272727}}