{"info": {"language": "Dansk", "ECTS": 10, "time": "F2B (tors 8-12)  og  Juni", "level": "Diplomingeni\u00f8r", "name": "International \u00f8konomi (business case), projektledelse og erhvervsjura", "course_no": "62215"}, "evals": [{"time": "F-19-03JUN", "N_responses": 9, "learning_answers": [0, 4, 0, 1, 4], "participation_answers": [1, 3, 0, 1, 4], "material_answers": [2, 1, 3, 2, 1], "clear_answers": [0, 0, 5, 0, 4], "connection_answers": [0, 2, 1, 1, 4], "worklevel_answers": [2, 2, 4, 1, 0], "prerequisite_answers": [1, 0, 7, 0, 1], "good_answers": [2, 2, 0, 2, 3]}], "eval_points": [{"time": "F-19-03JUN", "learning": 3.611111111111111, "worklevel": 3.611111111111111, "good": 4.444444444444445, "N": 9}], "course_no": "62215", "grade_percentile": 31.88010899182561, "eval_percentiles": {"learning": 29.707112970711297, "worklevel": 75.418410041841, "good": 27.301255230125523}, "composites": {"beer_points": 4.457958751983077, "quality_points": 4.701313373817258, "beer_percentiles": 26.01010101010101, "quality_percentiles": 24.116161616161616}}