{"info": {"language": "Dansk", "ECTS": 5, "time": "E4A (tirs 13-17)", "level": "Diplomingeni\u00f8r", "name": "Erhvervs- og samfunds\u00f8konomi", "course_no": "62221"}, "grades": [{"time": "2021winter", "N_exam": 32, "N_passed": 22, "exam_avg": 5.2, "grade_dist": [5, 6, 4, 2, 5, 10, 0, 4]}, {"time": "2020winter", "N_exam": 41, "N_passed": 30, "exam_avg": 5.2, "grade_dist": [6, 6, 7, 9, 2, 9, 2, 10]}, {"time": "2020summer", "N_exam": 4, "N_passed": 2, "exam_avg": 1.0, "grade_dist": [0, 0, 0, 0, 2, 2, 0, 2]}, {"time": "2019winter", "N_exam": 40, "N_passed": 24, "exam_avg": 4.1, "grade_dist": [6, 6, 0, 10, 2, 12, 4, 2, 16]}], "course_no": "62221", "grade_percentile": 43.41004184100418, "eval_percentiles": {"learning": 75.37112010796221, "worklevel": 9.986504723346828, "good": 76.78812415654521}, "composites": {"beer_points": 6.665122403199064, "quality_points": 7.692280327285664, "beer_percentiles": 83.03715670436188, "quality_percentiles": 87.56058158319871}}