{"info": {"language": "Dansk", "ECTS": 10, "time": "E3A (tirs 8-12)  og  E1B (tors 13-17)  eller    F3A (tirs 8-12)  og  F1B (tors 13-17)", "level": "Diplomingeni\u00f8r", "name": "IT Forretning", "course_no": "62229"}, "grades": [{"time": "2022summer", "N_exam": 37, "N_passed": 37, "exam_avg": 9.9, "grade_dist": [18, 10, 5, 4, 0, 0, 0, 6]}, {"time": "2021winter", "N_exam": 19, "N_passed": 19, "exam_avg": 9.5, "grade_dist": [8, 4, 6, 0, 1, 0, 0, 5]}, {"time": "2021summer", "N_exam": 51, "N_passed": 48, "exam_avg": 9.2, "grade_dist": [16, 23, 5, 2, 2, 3, 0, 7]}, {"time": "2020summer", "N_exam": 40, "N_passed": 39, "exam_avg": 9.7, "grade_dist": [20, 11, 4, 3, 1, 0, 1, 6]}], "course_no": "62229", "grade_percentile": 47.90794979079498, "eval_percentiles": {"learning": 79.82456140350877, "worklevel": 6.41025641025641, "good": 97.09851551956815}, "composites": {"beer_points": 7.044035891934068, "quality_points": 8.591248665955177, "beer_percentiles": 88.8529886914378, "quality_percentiles": 96.93053311793214}}