{"info": {"language": "Dansk", "ECTS": 10, "time": "E3A (tirs 8-12)  og  E1B (tors 13-17)  eller    F3A (tirs 8-12)  og  F1B (tors 13-17)", "level": "Diplomingeni\u00f8r", "name": "IT Forretning", "course_no": "62229"}, "grades": [{"time": "2021summer", "N_exam": 51, "N_passed": 48, "exam_avg": 9.2, "grade_dist": [16, 23, 5, 2, 2, 3, 0, 7]}, {"time": "2020summer", "N_exam": 40, "N_passed": 39, "exam_avg": 9.7, "grade_dist": [20, 11, 4, 3, 1, 0, 1, 6]}], "course_no": "62229", "grade_percentile": 46.3669391462307, "eval_percentiles": {"learning": 97.01882845188284, "worklevel": 35.40794979079498, "good": 97.28033472803347}, "composites": {"beer_points": 5.966860567600915, "quality_points": 8.734641999717555, "beer_percentiles": 64.33080808080808, "quality_percentiles": 97.1590909090909}}