{"info": {"language": "Dansk", "ECTS": 5, "time": "E4B (fre 8-12)", "level": "Diplomingeni\u00f8r", "name": "Erhvervs- og samfunds\u00f8konomi", "course_no": "62221"}, "grades": [{"time": "2020winter", "N_exam": 41, "N_passed": 30, "exam_avg": 5.2, "grade_dist": [6, 6, 7, 9, 2, 9, 2, 10]}, {"time": "2020summer", "N_exam": 4, "N_passed": 2, "exam_avg": 1.0, "grade_dist": [0, 0, 0, 0, 2, 2, 0, 2]}, {"time": "2019winter", "N_exam": 40, "N_passed": 24, "exam_avg": 4.1, "grade_dist": [6, 6, 0, 10, 2, 12, 4, 2, 16]}], "course_no": "62221", "grade_percentile": 70.07266121707539, "eval_percentiles": {"learning": 60.56485355648535, "worklevel": 8.05439330543933, "good": 72.3326359832636}, "composites": {"beer_points": 7.471061754509665, "quality_points": 8.056771642423387, "beer_percentiles": 93.43434343434343, "quality_percentiles": 91.54040404040404}}