{"info": {"language": "Engelsk", "ECTS": 5, "time": "E1B (tors 13-17)", "level": "Diplomingeni\u00f8r", "name": "Engelsk 1 - Den engelsksprogede verden og akademisk skrivning 1", "course_no": "62224"}, "evals": [{"time": "F-19-13", "N_responses": 8, "learning_answers": [3, 0, 3, 0, 2], "participation_answers": [2, 1, 1, 2, 2], "material_answers": [1, 2, 2, 0, 3], "clear_answers": [4, 0, 0, 1, 3], "connection_answers": [3, 1, 2, 1, 1], "worklevel_answers": [2, 1, 3, 1, 1], "prerequisite_answers": [1, 0, 6, 1, 0], "good_answers": [3, 0, 2, 1, 2]}, {"time": "E-18-13", "N_responses": 38, "learning_answers": [2, 5, 10, 15, 6], "participation_answers": [7, 6, 15, 6, 4], "material_answers": [7, 6, 11, 10, 4], "clear_answers": [3, 2, 17, 7, 8], "connection_answers": [4, 8, 12, 8, 6], "worklevel_answers": [5, 5, 22, 4, 1], "prerequisite_answers": [2, 6, 29, 0, 0], "good_answers": [4, 6, 15, 8, 5]}], "eval_points": [{"time": "F-19-13", "learning": 5.625, "worklevel": 4.375, "good": 5.3125, "N": 8}, {"time": "E-18-13", "learning": 3.8157894736842106, "worklevel": 4.276315789473684, "good": 4.7368421052631575, "N": 38}], "course_no": "62224", "grade_percentile": 17.911200807265388, "eval_percentiles": {"learning": 86.2533692722372, "worklevel": 18.059299191374663, "good": 90.76819407008085}, "composites": {"beer_points": 5.385112796577207, "quality_points": 7.370781521724919, "beer_percentiles": 49.356913183279744, "quality_percentiles": 80.86816720257235}}