{"info": {"language": "Engelsk", "ECTS": 5, "time": "E2A (man 13-17)  eller  F2A (man 13-17)", "level": "Diplomingeni\u00f8r", "name": "Engelsk 2 - Engelsk i en global kontekst og akademisk skrivning 2", "course_no": "62225"}, "evals": [{"time": "F-19-13", "N_responses": 18, "learning_answers": [1, 1, 8, 2, 6], "participation_answers": [1, 1, 9, 3, 4], "material_answers": [0, 2, 7, 3, 6], "clear_answers": [4, 1, 4, 4, 5], "connection_answers": [0, 1, 10, 5, 2], "worklevel_answers": [2, 5, 11, 0, 0], "prerequisite_answers": [2, 3, 13, 0, 0], "good_answers": [1, 1, 7, 4, 5]}], "eval_points": [{"time": "F-19-13", "learning": 3.4722222222222223, "worklevel": 3.75, "good": 3.4722222222222223, "N": 18}], "course_no": "62225", "grade_percentile": 69.40376569037656, "eval_percentiles": {"learning": 59.10931174089069, "worklevel": 8.232118758434547, "good": 71.39001349527665}, "composites": {"beer_points": 7.469033453623329, "quality_points": 7.8740661686232665, "beer_percentiles": 93.69951534733441, "quality_percentiles": 91.19547657512116}}