{"info": {"language": "Dansk", "ECTS": 5, "time": "Januar  eller  Juni", "level": "Diplomingeni\u00f8r", "name": "International Business og digitale services", "course_no": "62230"}, "grades": [{"time": "2022summer", "N_exam": 37, "N_passed": 36, "exam_avg": 7.6, "grade_dist": [0, 14, 18, 4, 0, 1, 0, 4]}, {"time": "2021winter", "N_exam": 22, "N_passed": 22, "exam_avg": 6.9, "grade_dist": [0, 5, 11, 6, 0, 0, 0, 2]}, {"time": "2021summer", "N_exam": 51, "N_passed": 51, "exam_avg": 6.2, "grade_dist": [0, 11, 20, 12, 8, 0, 0, 4]}], "course_no": "62230", "grade_percentile": 17.911200807265388, "eval_percentiles": {"learning": 86.2533692722372, "worklevel": 36.72506738544474, "good": 80.32345013477088}, "composites": {"beer_points": 4.917152858809802, "quality_points": 6.8673753579413965, "beer_percentiles": 36.09324758842444, "quality_percentiles": 69.37299035369774}}