{"info": {"language": "Engelsk", "ECTS": 5, "time": "E5B (ons 13-17)  og  F5B (ons 13-17)", "level": "Diplomingeni\u00f8r", "name": "B\u00e6redygtig forretningsudvikling", "course_no": "62239"}, "grades": [{"time": "2021summer", "N_exam": 26, "N_passed": 26, "exam_avg": 7.5, "grade_dist": [0, 12, 6, 8, 0, 0, 0, 4, 5]}, {"time": "2020winter", "N_exam": 58, "N_passed": 54, "exam_avg": 7.4, "grade_dist": [13, 13, 14, 9, 5, 4, 0, 2]}, {"time": "2020summer", "N_exam": 19, "N_passed": 19, "exam_avg": 6.2, "grade_dist": [1, 2, 9, 4, 3, 0, 0, 3]}, {"time": "2019winter", "N_exam": 38, "N_passed": 38, "exam_avg": 9.3, "grade_dist": [15, 11, 7, 3, 2, 0, 0, 3]}], "course_no": "62239", "grade_percentile": 56.31244323342416, "eval_percentiles": {"learning": 52.40585774058577, "worklevel": 35.40794979079498, "good": 44.76987447698745}, "composites": {"beer_points": 6.192490745637229, "quality_points": 6.655839570682108, "beer_percentiles": 70.01262626262626, "quality_percentiles": 64.64646464646465}}