{"info": {"language": "Dansk", "ECTS": 5, "time": "Januar  eller  Juni", "level": "Diplomingeni\u00f8r", "name": "International Business og digitale services", "course_no": "62230"}, "grades": [{"time": "2022summer", "N_exam": 37, "N_passed": 36, "exam_avg": 7.6, "grade_dist": [0, 14, 18, 4, 0, 1, 0, 4]}, {"time": "2021winter", "N_exam": 22, "N_passed": 22, "exam_avg": 6.9, "grade_dist": [0, 5, 11, 6, 0, 0, 0, 2]}, {"time": "2021summer", "N_exam": 51, "N_passed": 51, "exam_avg": 6.2, "grade_dist": [0, 11, 20, 12, 8, 0, 0, 4]}], "course_no": "62230", "grade_percentile": 28.817991631799163, "eval_percentiles": {"learning": 86.23481781376518, "worklevel": 36.70715249662618, "good": 80.43184885290148}, "composites": {"beer_points": 5.277479762020872, "quality_points": 7.162486659551763, "beer_percentiles": 48.7075928917609, "quality_percentiles": 77.22132471728595}}