{"info": {"language": "Engelsk", "ECTS": 10, "time": "E1 (man 8-12, tors 13-17)", "level": "Diplomingeni\u00f8r", "name": "Tr\u00e6konstruktioner og udf\u00f8relse", "course_no": "62297"}, "grades": [{"time": "2020winter", "N_exam": 41, "N_passed": 39, "exam_avg": 8.5, "grade_dist": [7, 15, 15, 2, 0, 2, 0, 2]}, {"time": "2019winter", "N_exam": 17, "N_passed": 11, "exam_avg": 5.2, "grade_dist": [2, 2, 6, 0, 1, 6, 0, 1, 1]}], "course_no": "62297", "grade_percentile": 91.42259414225941, "eval_percentiles": {"learning": 53.37381916329284, "worklevel": 20.98515519568151, "good": 88.32658569500674}, "composites": {"beer_points": 7.627767482687993, "quality_points": 8.456776947705444, "beer_percentiles": 95.31502423263328, "quality_percentiles": 96.4458804523425}}