{"info": {"language": "Engelsk", "ECTS": 10, "time": "E1 (man 8-12, tors 13-17)", "level": "Diplomingeni\u00f8r", "name": "Tr\u00e6konstruktioner og udf\u00f8relse", "course_no": "62297"}, "grades": [{"time": "2020winter", "N_exam": 41, "N_passed": 39, "exam_avg": 8.5, "grade_dist": [7, 15, 15, 2, 0, 2, 0, 2]}, {"time": "2019winter", "N_exam": 17, "N_passed": 11, "exam_avg": 5.2, "grade_dist": [2, 2, 6, 0, 1, 6, 0, 1, 1]}], "course_no": "62297", "grade_percentile": 46.215943491422806, "eval_percentiles": {"learning": 53.30188679245283, "worklevel": 20.95687331536388, "good": 88.20754716981132}, "composites": {"beer_points": 6.309801633605601, "quality_points": 7.476954458086534, "beer_percentiles": 73.47266881028939, "quality_percentiles": 83.19935691318328}}