{"info": {"language": "Engelsk", "ECTS": 5, "time": "Januar  eller  August", "level": "Diplomingeni\u00f8r", "name": "System- og netv\u00e6rkssikkerhed - Projekt", "course_no": "62419"}, "grades": [{"time": "2021summer", "N_exam": 4, "N_passed": 4, "exam_avg": 9.2, "grade_dist": [0, 3, 1, 0, 0, 0, 0, 1]}, {"time": "2020winter", "N_exam": 7, "N_passed": 7, "exam_avg": 7.7, "grade_dist": [1, 2, 2, 2, 0, 0, 0, 2]}], "course_no": "62419", "grade_percentile": 9.582198001816531, "eval_percentiles": {"learning": 97.01882845188284, "worklevel": 92.73012552301255, "good": 0.20920502092050208}, "composites": {"beer_points": 2.3285739467653794, "quality_points": 1.8655557124699906, "beer_percentiles": 3.409090909090909, "quality_percentiles": 2.272727272727273}}