{"info": {"language": "Dansk", "ECTS": 5, "time": "E4A (tirs 13-17)", "level": "Diplomingeni\u00f8r", "name": "Udviklingsmetoder til IT-systemer", "course_no": "62531"}, "grades": [{"time": "2022winter", "N_exam": 131, "N_passed": 112, "exam_avg": 5.8, "grade_dist": [11, 26, 28, 37, 10, 19, 0, 13]}, {"time": "2021winter", "N_exam": 120, "N_passed": 110, "exam_avg": 6.5, "grade_dist": [13, 24, 37, 27, 9, 9, 1, 12]}, {"time": "2020winter", "N_exam": 138, "N_passed": 135, "exam_avg": 7.2, "grade_dist": [8, 34, 62, 28, 3, 3, 0, 2, 6]}], "course_no": "62531", "grade_percentile": 31.886982845610493, "eval_percentiles": {"learning": 19.002695417789756, "worklevel": 55.32345013477089, "good": 12.129380053908354}, "composites": {"beer_points": 5.100177190025498, "quality_points": 4.2405104669255635, "beer_percentiles": 40.19292604501608, "quality_percentiles": 17.20257234726688}}