{"info": {"language": "Dansk", "ECTS": 5, "time": "E2A (man 13-17)", "level": "Diplomingeni\u00f8r", "name": "Versionsstyring og testmetoder", "course_no": "62532"}, "grades": [{"time": "2022summer", "N_exam": 4, "N_passed": 4, "exam_avg": 6.2, "grade_dist": [0, 1, 1, 2, 0, 0, 0, 1]}, {"time": "2021winter", "N_exam": 127, "N_passed": 115, "exam_avg": 5.4, "grade_dist": [6, 15, 42, 35, 17, 12, 0, 10]}, {"time": "2020winter", "N_exam": 140, "N_passed": 136, "exam_avg": 7.0, "grade_dist": [18, 29, 45, 35, 9, 4, 0, 2, 6]}], "course_no": "62532", "grade_percentile": 35.57013118062563, "eval_percentiles": {"learning": 12.129380053908354, "worklevel": 55.660377358490564, "good": 20.754716981132074}, "composites": {"beer_points": 5.214775379229872, "quality_points": 4.374141921311733, "beer_percentiles": 42.443729903536976, "quality_percentiles": 18.971061093247588}}