{"info": {"language": "Dansk", "ECTS": 5, "time": "For\u00e5r", "level": "Diplomingeni\u00f8r", "name": "Anvendt machine learning og big data", "course_no": "62533"}, "grades": [{"time": "2022summer", "N_exam": 6, "N_passed": 6, "exam_avg": 7.0, "grade_dist": [0, 1, 4, 1, 0, 0, 0, 2]}, {"time": "2021winter", "N_exam": 9, "N_passed": 9, "exam_avg": 9.0, "grade_dist": [3, 3, 1, 2, 0, 0, 0, 2]}], "course_no": "62533", "grade_percentile": 20.815899581589957, "eval_percentiles": {"learning": 61.605937921727396, "worklevel": 87.38191632928475, "good": 24.898785425101213}, "composites": {"beer_points": 3.242099873207842, "quality_points": 4.557097118463182, "beer_percentiles": 12.116316639741518, "quality_percentiles": 24.31340872374798}}