{"info": {"language": "Dansk", "ECTS": 5, "time": "E2A (man 13-17)", "level": "Diplomingeni\u00f8r", "name": "Versionsstyring og testmetoder", "course_no": "62532"}, "grades": [{"time": "2022summer", "N_exam": 4, "N_passed": 4, "exam_avg": 6.2, "grade_dist": [0, 1, 1, 2, 0, 0, 0, 1]}, {"time": "2021winter", "N_exam": 127, "N_passed": 115, "exam_avg": 5.4, "grade_dist": [6, 15, 42, 35, 17, 12, 0, 10]}, {"time": "2020winter", "N_exam": 140, "N_passed": 136, "exam_avg": 7.0, "grade_dist": [18, 29, 45, 35, 9, 4, 0, 2, 6]}], "course_no": "62532", "grade_percentile": 35.0418410041841, "eval_percentiles": {"learning": 12.145748987854251, "worklevel": 55.60053981106613, "good": 20.78272604588394}, "composites": {"beer_points": 5.091223300497416, "quality_points": 4.260138740661686, "beer_percentiles": 42.407108239095315, "quality_percentiles": 18.901453957996768}}