{"info": {"language": "Dansk", "ECTS": 5, "time": "For\u00e5r", "level": "Diplomingeni\u00f8r", "name": "Anvendt machine learning og big data", "course_no": "62533"}, "grades": [{"time": "2022summer", "N_exam": 6, "N_passed": 6, "exam_avg": 7.0, "grade_dist": [0, 1, 4, 1, 0, 0, 0, 2]}, {"time": "2021winter", "N_exam": 9, "N_passed": 9, "exam_avg": 9.0, "grade_dist": [3, 3, 1, 2, 0, 0, 0, 2]}], "course_no": "62533", "grade_percentile": 21.19071644803229, "eval_percentiles": {"learning": 61.52291105121294, "worklevel": 87.39892183288408, "good": 24.86522911051213}, "composites": {"beer_points": 3.4121936989498254, "quality_points": 4.665202212372026, "beer_percentiles": 12.057877813504824, "quality_percentiles": 24.035369774919616}}