{"info": {"language": "Dansk", "ECTS": 5, "time": "E4A (tirs 13-17)", "level": "Diplomingeni\u00f8r", "name": "Udviklingsmetoder til IT-systemer", "course_no": "62531"}, "grades": [{"time": "2021winter", "N_exam": 120, "N_passed": 110, "exam_avg": 6.5, "grade_dist": [13, 24, 37, 27, 9, 9, 1, 12]}, {"time": "2020winter", "N_exam": 138, "N_passed": 135, "exam_avg": 7.2, "grade_dist": [8, 34, 62, 28, 3, 3, 0, 2, 6]}], "course_no": "62531", "grade_percentile": 16.68410041841004, "eval_percentiles": {"learning": 19.02834008097166, "worklevel": 55.26315789473684, "good": 12.145748987854251}, "composites": {"beer_points": 4.2977665073637, "quality_points": 3.630736392742797, "beer_percentiles": 24.878836833602584, "quality_percentiles": 12.439418416801292}}