{"info": {"language": "Dansk", "ECTS": 5, "time": "E1A (man 8-12)", "level": "Diplomingeni\u00f8r", "name": "Hardware-n\u00e6r programmering", "course_no": "62557"}, "grades": [{"time": "2021winter", "N_exam": 23, "N_passed": 23, "exam_avg": 8.3, "grade_dist": [5, 6, 8, 4, 0, 0, 0, 7]}, {"time": "2020winter", "N_exam": 27, "N_passed": 24, "exam_avg": 7.0, "grade_dist": [5, 4, 10, 4, 1, 3, 0, 8]}], "course_no": "62557", "grade_percentile": 79.34100418410041, "eval_percentiles": {"learning": 13.49527665317139, "worklevel": 92.98245614035088, "good": 24.898785425101213}, "composites": {"beer_points": 4.386521018238565, "quality_points": 4.411419423692636, "beer_percentiles": 27.30210016155089, "quality_percentiles": 21.970920840064622}}