{"info": {"language": "Engelsk", "ECTS": 5, "time": "E2B (tors 8-12)", "level": "Diplomingeni\u00f8r", "name": "Linux og C Programmering", "course_no": "62558"}, "grades": [{"time": "2022winter", "N_exam": 43, "N_passed": 38, "exam_avg": 6.8, "grade_dist": [13, 5, 6, 8, 6, 5, 0, 11]}, {"time": "2021winter", "N_exam": 24, "N_passed": 23, "exam_avg": 9.6, "grade_dist": [8, 11, 3, 1, 0, 1, 0, 5]}, {"time": "2020winter", "N_exam": 29, "N_passed": 29, "exam_avg": 8.9, "grade_dist": [6, 12, 8, 2, 1, 0, 0, 7]}], "course_no": "62558", "grade_percentile": 17.003027245206862, "eval_percentiles": {"learning": 16.172506738544474, "worklevel": 92.99191374663071, "good": 8.355795148247978}, "composites": {"beer_points": 2.611046285492027, "quality_points": 2.4758430418807786, "beer_percentiles": 6.109324758842444, "quality_percentiles": 4.340836012861736}}