{"info": {"language": "Engelsk", "ECTS": 5, "time": "E2B (tors 8-12)", "level": "Diplomingeni\u00f8r", "name": "Linux og C Programmering", "course_no": "62558"}, "grades": [{"time": "2021winter", "N_exam": 24, "N_passed": 23, "exam_avg": 9.6, "grade_dist": [8, 11, 3, 1, 0, 1, 0, 5]}, {"time": "2020winter", "N_exam": 29, "N_passed": 29, "exam_avg": 8.9, "grade_dist": [6, 12, 8, 2, 1, 0, 0, 7]}], "course_no": "62558", "grade_percentile": 16.68410041841004, "eval_percentiles": {"learning": 16.194331983805668, "worklevel": 92.98245614035088, "good": 8.367071524966262}, "composites": {"beer_points": 2.4202672388569204, "quality_points": 2.323372465314835, "beer_percentiles": 6.138933764135703, "quality_percentiles": 4.361873990306947}}