{"info": {"language": "Dansk", "ECTS": 5, "time": "E1A (man 8-12)", "level": "Diplomingeni\u00f8r", "name": "Hardware-n\u00e6r programmering", "course_no": "62557"}, "grades": [{"time": "2022winter", "N_exam": 33, "N_passed": 27, "exam_avg": 7.4, "grade_dist": [12, 5, 5, 3, 2, 6, 0, 6]}, {"time": "2021winter", "N_exam": 23, "N_passed": 23, "exam_avg": 8.3, "grade_dist": [5, 6, 8, 4, 0, 0, 0, 7]}, {"time": "2020winter", "N_exam": 27, "N_passed": 24, "exam_avg": 7.0, "grade_dist": [5, 4, 10, 4, 1, 3, 0, 8]}], "course_no": "62557", "grade_percentile": 79.56609485368315, "eval_percentiles": {"learning": 13.477088948787062, "worklevel": 92.99191374663071, "good": 24.86522911051213}, "composites": {"beer_points": 4.527810190587321, "quality_points": 4.522417918644334, "beer_percentiles": 26.84887459807074, "quality_percentiles": 21.543408360128616}}