{"info": {"language": "Dansk", "ECTS": 5, "time": "F4B (fre 8-12)", "level": "Diplomingeni\u00f8r", "name": "Backendudvikling, drift og distribuerede systemer", "course_no": "62597"}, "grades": [{"time": "2022summer", "N_exam": 65, "N_passed": 64, "exam_avg": 6.4, "grade_dist": [0, 15, 24, 24, 1, 1, 0, 3]}, {"time": "2021summer", "N_exam": 57, "N_passed": 55, "exam_avg": 8.6, "grade_dist": [14, 23, 8, 7, 3, 2, 0, 4]}], "course_no": "62597", "grade_percentile": 5.49163179916318, "eval_percentiles": {"learning": 22.73954116059379, "worklevel": 74.49392712550608, "good": 18.62348178137652}, "composites": {"beer_points": 2.581561494196821, "quality_points": 2.954642475987193, "beer_percentiles": 7.269789983844912, "quality_percentiles": 7.754442649434572}}