{"info": {"language": "Dansk", "ECTS": 5, "time": "F4B (fre 8-12)", "level": "Diplomingeni\u00f8r", "name": "Backendudvikling, drift og distribuerede systemer", "course_no": "62597"}, "grades": [{"time": "2022summer", "N_exam": 65, "N_passed": 64, "exam_avg": 6.4, "grade_dist": [0, 15, 24, 24, 1, 1, 0, 3]}, {"time": "2021summer", "N_exam": 57, "N_passed": 55, "exam_avg": 8.6, "grade_dist": [14, 23, 8, 7, 3, 2, 0, 4]}], "course_no": "62597", "grade_percentile": 6.256306760847629, "eval_percentiles": {"learning": 22.708894878706197, "worklevel": 74.52830188679245, "good": 18.598382749326145}, "composites": {"beer_points": 2.947977440684559, "quality_points": 3.2263758678853023, "beer_percentiles": 7.717041800643087, "quality_percentiles": 8.038585209003216}}