{"info": {"language": "Engelsk", "ECTS": 5, "time": "E1B (tors 13-17)", "level": "Diplomingeni\u00f8r", "name": "Termodynamik og Mekanik for elektroingeni\u00f8rer", "course_no": "62601"}, "grades": [{"time": "2021winter", "N_exam": 22, "N_passed": 14, "exam_avg": 4.4, "grade_dist": [1, 6, 2, 2, 3, 7, 1, 1, 4]}, {"time": "2020winter", "N_exam": 18, "N_passed": 17, "exam_avg": 7.1, "grade_dist": [1, 5, 9, 1, 1, 0, 1, 4]}], "course_no": "62601", "grade_percentile": 29.061553985872855, "eval_percentiles": {"learning": 27.69541778975741, "worklevel": 76.88679245283018, "good": 24.86522911051213}, "composites": {"beer_points": 4.273239984441852, "quality_points": 4.610285176322914, "beer_percentiles": 22.025723472668812, "quality_percentiles": 23.231511254019292}}