{"info": {"language": "Engelsk", "ECTS": 5, "time": "E1B (tors 13-17)", "level": "Diplomingeni\u00f8r", "name": "Termodynamik og Mekanik for elektroingeni\u00f8rer", "course_no": "62601"}, "grades": [{"time": "2021winter", "N_exam": 22, "N_passed": 14, "exam_avg": 4.4, "grade_dist": [1, 6, 2, 2, 3, 7, 1, 1, 4]}, {"time": "2020winter", "N_exam": 18, "N_passed": 17, "exam_avg": 7.1, "grade_dist": [1, 5, 9, 1, 1, 0, 1, 4]}], "course_no": "62601", "grade_percentile": 33.10669456066945, "eval_percentiles": {"learning": 27.732793522267205, "worklevel": 76.85560053981106, "good": 24.898785425101213}, "composites": {"beer_points": 4.30971422998147, "quality_points": 4.635538954108858, "beer_percentiles": 25.20193861066236, "quality_percentiles": 26.009693053311793}}