{"info": {"language": "Dansk", "ECTS": 5, "time": "E4A (tirs 13-17)  eller  F4A (tirs 13-17)", "level": "Diplomingeni\u00f8r", "name": "Plastteknologi", "course_no": "62616"}, "grades": [{"time": "2022summer", "N_exam": 35, "N_passed": 32, "exam_avg": 5.4, "grade_dist": [4, 5, 6, 7, 10, 3, 0, 1, 4]}, {"time": "2021winter", "N_exam": 31, "N_passed": 25, "exam_avg": 3.9, "grade_dist": [0, 2, 6, 12, 5, 6, 0, 2]}, {"time": "2021summer", "N_exam": 43, "N_passed": 35, "exam_avg": 4.4, "grade_dist": [0, 2, 17, 9, 7, 8, 0, 1, 2]}, {"time": "2020winter", "N_exam": 26, "N_passed": 24, "exam_avg": 5.5, "grade_dist": [3, 4, 2, 12, 3, 2, 0, 2]}], "course_no": "62616", "grade_percentile": 33.70332996972755, "eval_percentiles": {"learning": 0.6064690026954177, "worklevel": 36.72506738544474, "good": 10.78167115902965}, "composites": {"beer_points": 5.576040451186309, "quality_points": 2.8199898011218774, "beer_percentiles": 53.938906752411576, "quality_percentiles": 6.109324758842444}}