{"info": {"language": "Dansk", "ECTS": 5, "time": "E4A (tirs 13-17)  eller  F4A (tirs 13-17)", "level": "Diplomingeni\u00f8r", "name": "Plastteknologi", "course_no": "62616"}, "grades": [{"time": "2021summer", "N_exam": 41, "N_passed": 34, "exam_avg": 4.5, "grade_dist": [0, 2, 17, 8, 7, 7, 0, 3]}, {"time": "2020winter", "N_exam": 26, "N_passed": 24, "exam_avg": 5.5, "grade_dist": [3, 4, 2, 12, 3, 2, 0, 2]}], "course_no": "62616", "grade_percentile": 67.52951861943687, "eval_percentiles": {"learning": 31.223849372384937, "worklevel": 75.418410041841, "good": 21.809623430962343}, "composites": {"beer_points": 5.4168870086374055, "quality_points": 5.341181908050996, "beer_percentiles": 47.85353535353536, "quality_percentiles": 35.47979797979798}}