{"info": {"language": "Dansk", "ECTS": 5, "time": "E4A (tirs 13-17)  eller  F4A (tirs 13-17)", "level": "Diplomingeni\u00f8r", "name": "Plastteknologi", "course_no": "62616"}, "grades": [{"time": "2022summer", "N_exam": 35, "N_passed": 32, "exam_avg": 5.4, "grade_dist": [4, 5, 6, 7, 10, 3, 0, 1, 4]}, {"time": "2021winter", "N_exam": 31, "N_passed": 25, "exam_avg": 3.9, "grade_dist": [0, 2, 6, 12, 5, 6, 0, 2]}, {"time": "2021summer", "N_exam": 43, "N_passed": 35, "exam_avg": 4.4, "grade_dist": [0, 2, 17, 9, 7, 8, 0, 1, 2]}, {"time": "2020winter", "N_exam": 26, "N_passed": 24, "exam_avg": 5.5, "grade_dist": [3, 4, 2, 12, 3, 2, 0, 2]}], "course_no": "62616", "grade_percentile": 33.10669456066945, "eval_percentiles": {"learning": 0.6072874493927125, "worklevel": 36.70715249662618, "good": 10.79622132253711}, "composites": {"beer_points": 5.461816053837902, "quality_points": 2.674493062966916, "beer_percentiles": 54.523424878836835, "quality_percentiles": 6.138933764135703}}