{"info": {"language": "Engelsk", "ECTS": 5, "time": "F3B (fre 13-17)", "level": "Diplomingeni\u00f8r", "name": "B\u00e6redygtig anvendelse af materialer", "course_no": "62620"}, "grades": [{"time": "2022summer", "N_exam": 16, "N_passed": 16, "exam_avg": 7.6, "grade_dist": [3, 6, 1, 3, 3, 0, 0, 3]}, {"time": "2021summer", "N_exam": 22, "N_passed": 20, "exam_avg": 6.0, "grade_dist": [2, 3, 8, 4, 3, 2, 0, 1, 3]}], "course_no": "62620", "grade_percentile": 19.8284561049445, "eval_percentiles": {"learning": 29.5822102425876, "worklevel": 76.88679245283018, "good": 20.350404312668463}, "composites": {"beer_points": 3.9138467522364837, "quality_points": 4.2218719577210155, "beer_percentiles": 18.327974276527332, "quality_percentiles": 17.041800643086816}}