{"info": {"language": "Engelsk", "ECTS": 5, "time": "F3B (fre 13-17)", "level": "Diplomingeni\u00f8r", "name": "B\u00e6redygtig anvendelse af materialer", "course_no": "62620"}, "grades": [{"time": "2022summer", "N_exam": 16, "N_passed": 16, "exam_avg": 7.6, "grade_dist": [3, 6, 1, 3, 3, 0, 0, 3]}, {"time": "2021summer", "N_exam": 22, "N_passed": 20, "exam_avg": 6.0, "grade_dist": [2, 3, 8, 4, 3, 2, 0, 1, 3]}], "course_no": "62620", "grade_percentile": 19.560669456066943, "eval_percentiles": {"learning": 29.6221322537112, "worklevel": 76.85560053981106, "good": 20.3778677462888}, "composites": {"beer_points": 3.756705354530381, "quality_points": 4.104783157077716, "beer_percentiles": 17.932148626817447, "quality_percentiles": 17.447495961227787}}