{"info": {"language": "Engelsk", "ECTS": 5, "time": "F1B (tors 13-17)", "level": "Diplomingeni\u00f8r", "name": "Baneteknologi og drift: fra f\u00f8rste id\u00e9 til fuld fart", "course_no": "62622"}, "grades": [{"time": "2022summer", "N_exam": 36, "N_passed": 36, "exam_avg": 9.6, "grade_dist": [16, 9, 7, 4, 0, 0, 0, 1]}, {"time": "2020winter", "N_exam": 24, "N_passed": 19, "exam_avg": 6.2, "grade_dist": [1, 10, 3, 3, 2, 5, 0, 4]}], "course_no": "62622", "grade_percentile": 45.5020920502092, "eval_percentiles": {"learning": 16.194331983805668, "worklevel": 66.46423751686909, "good": 13.832658569500675}, "composites": {"beer_points": 5.062420754901003, "quality_points": 4.188545001778726, "beer_percentiles": 41.841680129240714, "quality_percentiles": 17.932148626817447}}