{"info": {"language": "Engelsk", "ECTS": 5, "time": "F1B (tors 13-17)", "level": "Diplomingeni\u00f8r", "name": "Baneteknologi og drift: fra f\u00f8rste id\u00e9 til fuld fart", "course_no": "62622"}, "grades": [{"time": "2022summer", "N_exam": 36, "N_passed": 36, "exam_avg": 9.6, "grade_dist": [16, 9, 7, 4, 0, 0, 0, 1]}, {"time": "2020winter", "N_exam": 24, "N_passed": 19, "exam_avg": 6.2, "grade_dist": [1, 10, 3, 3, 2, 5, 0, 4]}], "course_no": "62622", "grade_percentile": 46.215943491422806, "eval_percentiles": {"learning": 16.172506738544474, "worklevel": 66.50943396226414, "good": 13.814016172506738}, "composites": {"beer_points": 5.186697782963827, "quality_points": 4.303970153026757, "beer_percentiles": 41.80064308681672, "quality_percentiles": 17.84565916398714}}