{"info": {"language": "Dansk", "ECTS": 10, "time": "E2B (tors 8-12)  og  Januar", "level": "Diplomingeni\u00f8r", "name": "B\u00e6redygtighed, mobilitet og samfund", "course_no": "62623"}, "grades": [{"time": "2021winter", "N_exam": 32, "N_passed": 32, "exam_avg": 10.1, "grade_dist": [10, 17, 4, 1, 0, 0, 0, 2]}, {"time": "2020winter", "N_exam": 31, "N_passed": 31, "exam_avg": 9.8, "grade_dist": [8, 17, 5, 1, 0, 0, 0, 5]}], "course_no": "62623", "grade_percentile": 3.9354187689202824, "eval_percentiles": {"learning": 97.1698113207547, "worklevel": 92.99191374663071, "good": 97.10242587601077}, "composites": {"beer_points": 1.3531699727732405, "quality_points": 5.763542933354256, "beer_percentiles": 1.2861736334405145, "quality_percentiles": 44.21221864951769}}