{"info": {"language": "Dansk", "ECTS": 10, "time": "E2B (tors 8-12)  og  Januar", "level": "Diplomingeni\u00f8r", "name": "B\u00e6redygtighed, mobilitet og samfund", "course_no": "62623"}, "grades": [{"time": "2021winter", "N_exam": 32, "N_passed": 32, "exam_avg": 10.1, "grade_dist": [10, 17, 4, 1, 0, 0, 0, 2]}, {"time": "2020winter", "N_exam": 31, "N_passed": 31, "exam_avg": 9.8, "grade_dist": [8, 17, 5, 1, 0, 0, 0, 5]}], "course_no": "62623", "grade_percentile": 4.184100418410042, "eval_percentiles": {"learning": 97.16599190283401, "worklevel": 92.98245614035088, "good": 97.09851551956815}, "composites": {"beer_points": 1.1299131961377162, "quality_points": 5.677694770544292, "beer_percentiles": 1.1308562197092085, "quality_percentiles": 44.26494345718901}}