{"info": {"language": "Engelsk", "ECTS": 5, "time": "E4A (tirs 13-17)", "level": "Diplomingeni\u00f8r", "name": "Videreg\u00e5ende analytics i mobilitet og transport", "course_no": "62637"}, "grades": [{"time": "2021winter", "N_exam": 26, "N_passed": 26, "exam_avg": 7.8, "grade_dist": [3, 7, 12, 3, 1, 0, 0, 1, 4]}, {"time": "2021summer", "N_exam": 27, "N_passed": 25, "exam_avg": 6.0, "grade_dist": [1, 5, 9, 8, 2, 2, 0, 1]}], "course_no": "62637", "grade_percentile": 39.33054393305439, "eval_percentiles": {"learning": 10.728744939271255, "worklevel": 74.22402159244264, "good": 13.832658569500675}, "composites": {"beer_points": 4.6220618355603245, "quality_points": 3.6805407328352904, "beer_percentiles": 32.794830371567045, "quality_percentiles": 13.247172859450727}}