{"info": {"language": "Engelsk", "ECTS": 5, "time": "E4A (tirs 13-17)", "level": "Diplomingeni\u00f8r", "name": "Videreg\u00e5ende analytics i mobilitet og transport", "course_no": "62637"}, "grades": [{"time": "2021winter", "N_exam": 26, "N_passed": 26, "exam_avg": 7.8, "grade_dist": [3, 7, 12, 3, 1, 0, 0, 1, 4]}, {"time": "2021summer", "N_exam": 27, "N_passed": 25, "exam_avg": 6.0, "grade_dist": [1, 5, 9, 8, 2, 2, 0, 1]}], "course_no": "62637", "grade_percentile": 40.11099899091826, "eval_percentiles": {"learning": 10.714285714285714, "worklevel": 74.25876010781671, "good": 13.814016172506738}, "composites": {"beer_points": 4.757422533385194, "quality_points": 3.8060556928481466, "beer_percentiles": 32.31511254019293, "quality_percentiles": 13.02250803858521}}