{"info": {"language": "Dansk", "ECTS": 5, "time": "E4B (fre 8-12)  eller  F4A (tirs 13-17)", "level": "Diplomingeni\u00f8r", "name": "Statistisk Analyse og Datavisualisering", "course_no": "62669"}, "grades": [{"time": "2022summer", "N_exam": 44, "N_passed": 40, "exam_avg": 5.7, "grade_dist": [1, 10, 13, 7, 9, 4, 0, 5]}, {"time": "2021winter", "N_exam": 80, "N_passed": 73, "exam_avg": 4.7, "grade_dist": [4, 11, 13, 20, 25, 7, 0, 1, 5]}], "course_no": "62669", "grade_percentile": 1.202928870292887, "eval_percentiles": {"learning": 49.932523616734144, "worklevel": 72.26720647773278, "good": 55.19568151147099}, "composites": {"beer_points": 1.7479819392889313, "quality_points": 3.755540209680457, "beer_percentiles": 3.0694668820678515, "quality_percentiles": 14.378029079159935}}