{"info": {"language": "Dansk", "ECTS": 5, "time": "E4B (fre 8-12)  eller  F4A (tirs 13-17)", "level": "Diplomingeni\u00f8r", "name": "Statistisk Analyse og Datavisualisering", "course_no": "62669"}, "grades": [{"time": "2022summer", "N_exam": 44, "N_passed": 40, "exam_avg": 5.7, "grade_dist": [1, 10, 13, 7, 9, 4, 0, 5]}, {"time": "2021winter", "N_exam": 80, "N_passed": 73, "exam_avg": 4.7, "grade_dist": [4, 11, 13, 20, 25, 7, 0, 1, 5]}], "course_no": "62669", "grade_percentile": 0.8072653884964682, "eval_percentiles": {"learning": 49.865229110512125, "worklevel": 72.30458221024259, "good": 55.12129380053908}, "composites": {"beer_points": 1.4764911799025333, "quality_points": 3.5280965247668923, "beer_percentiles": 1.4469453376205788, "quality_percentiles": 10.289389067524116}}