{"info": {"language": "Dansk", "ECTS": 5, "time": "E2A (man 13-17)", "level": "Diplomingeni\u00f8r", "name": "Anvendt reguleringsteknik", "course_no": "62677"}, "grades": [{"time": "2022summer", "N_exam": 35, "N_passed": 26, "exam_avg": 3.5, "grade_dist": [1, 2, 6, 7, 10, 9, 0, 2, 2]}, {"time": "2021winter", "N_exam": 74, "N_passed": 63, "exam_avg": 5.9, "grade_dist": [7, 11, 24, 16, 5, 11, 0, 2, 5]}], "course_no": "62677", "grade_percentile": 17.468619246861923, "eval_percentiles": {"learning": 41.902834008097166, "worklevel": 36.70715249662618, "good": 49.797570850202426}, "composites": {"beer_points": 4.78591631717546, "quality_points": 5.543223052294558, "beer_percentiles": 36.268174474959615, "quality_percentiles": 41.033925686591274}}