{"info": {"language": "Dansk", "ECTS": 5, "time": "E2A (man 13-17)", "level": "Diplomingeni\u00f8r", "name": "Anvendt reguleringsteknik", "course_no": "62677"}, "grades": [{"time": "2022summer", "N_exam": 35, "N_passed": 26, "exam_avg": 3.5, "grade_dist": [1, 2, 6, 7, 10, 9, 0, 2, 2]}, {"time": "2021winter", "N_exam": 74, "N_passed": 63, "exam_avg": 5.9, "grade_dist": [7, 11, 24, 16, 5, 11, 0, 2, 5]}], "course_no": "62677", "grade_percentile": 12.815338042381432, "eval_percentiles": {"learning": 41.846361185983824, "worklevel": 36.72506738544474, "good": 49.73045822102426}, "composites": {"beer_points": 4.557759626604434, "quality_points": 5.368140273800652, "beer_percentiles": 27.491961414790996, "quality_percentiles": 36.334405144694536}}