{"info": {"language": "Dansk", "ECTS": 10, "time": "E3A (tirs 8-12)  og  E2B (tors 8-12)", "level": "Diplomingeni\u00f8r", "name": "Digital signalbehandling", "course_no": "62743"}, "grades": [{"time": "2021winter", "N_exam": 68, "N_passed": 54, "exam_avg": 5.2, "grade_dist": [2, 14, 19, 13, 6, 11, 3, 16]}, {"time": "2021summer", "N_exam": 4, "N_passed": 4, "exam_avg": 3.8, "grade_dist": [0, 0, 1, 1, 2, 0, 0, 1]}, {"time": "2020winter", "N_exam": 60, "N_passed": 49, "exam_avg": 5.0, "grade_dist": [2, 8, 18, 15, 6, 10, 1, 21]}, {"time": "2019winter", "N_exam": 79, "N_passed": 73, "exam_avg": 6.3, "grade_dist": [4, 14, 36, 9, 10, 6, 0, 2, 6]}], "course_no": "62743", "grade_percentile": 75.02522704339052, "eval_percentiles": {"learning": 41.846361185983824, "worklevel": 36.72506738544474, "good": 80.32345013477088}, "composites": {"beer_points": 6.654220147802411, "quality_points": 7.45498764366689, "beer_percentiles": 80.94855305466238, "quality_percentiles": 82.87781350482315}}