{"info": {"language": "Dansk", "ECTS": 10, "time": "E3A (tirs 8-12)  og  E2B (tors 8-12)", "level": "Diplomingeni\u00f8r", "name": "Digital signalbehandling", "course_no": "62743"}, "grades": [{"time": "2021summer", "N_exam": 4, "N_passed": 4, "exam_avg": 3.8, "grade_dist": [0, 0, 1, 1, 2, 0, 0, 1]}, {"time": "2020winter", "N_exam": 60, "N_passed": 49, "exam_avg": 5.0, "grade_dist": [2, 8, 18, 15, 6, 10, 1, 21]}, {"time": "2019winter", "N_exam": 79, "N_passed": 73, "exam_avg": 6.3, "grade_dist": [4, 14, 36, 9, 10, 6, 0, 2, 6]}], "course_no": "62743", "grade_percentile": 53.86012715712988, "eval_percentiles": {"learning": 10.564853556485355, "worklevel": 57.00836820083682, "good": 3.3472803347280333}, "composites": {"beer_points": 5.666020330219165, "quality_points": 3.5978910699995303, "beer_percentiles": 55.42929292929293, "quality_percentiles": 10.353535353535353}}