{"info": {"language": "Dansk", "ECTS": 5, "time": "F3A (tirs 8-12)", "level": "Diplomingeni\u00f8r", "name": "Elektriske_energisystemer", "course_no": "62767"}, "grades": [{"time": "2022summer", "N_exam": 79, "N_passed": 66, "exam_avg": 4.9, "grade_dist": [7, 12, 18, 11, 18, 6, 7, 5]}, {"time": "2021summer", "N_exam": 75, "N_passed": 58, "exam_avg": 3.9, "grade_dist": [9, 3, 15, 13, 18, 5, 12, 1, 4]}], "course_no": "62767", "grade_percentile": 35.57013118062563, "eval_percentiles": {"learning": 53.30188679245283, "worklevel": 66.50943396226414, "good": 49.73045822102426}, "composites": {"beer_points": 4.887203422792687, "quality_points": 5.975888806077484, "beer_percentiles": 35.61093247588425, "quality_percentiles": 49.19614147909968}}