{"info": {"language": "Dansk", "ECTS": 5, "time": "F3A (tirs 8-12)", "level": "Diplomingeni\u00f8r", "name": "Elektriske_energisystemer", "course_no": "62767"}, "grades": [{"time": "2022summer", "N_exam": 79, "N_passed": 66, "exam_avg": 4.9, "grade_dist": [7, 12, 18, 11, 18, 6, 7, 5]}, {"time": "2021summer", "N_exam": 75, "N_passed": 58, "exam_avg": 3.9, "grade_dist": [9, 3, 15, 13, 18, 5, 12, 1, 4]}], "course_no": "62767", "grade_percentile": 35.0418410041841, "eval_percentiles": {"learning": 53.37381916329284, "worklevel": 66.46423751686909, "good": 49.797570850202426}, "composites": {"beer_points": 4.755193601872622, "quality_points": 5.894343649946636, "beer_percentiles": 35.78352180936995, "quality_percentiles": 48.78836833602585}}