{"info": {"language": "Dansk", "ECTS": 5, "time": "E5A (ons 8-12)", "level": "Diplomingeni\u00f8r", "name": "Elektrisk Energiteknik", "course_no": "62762"}, "grades": [{"time": "2021winter", "N_exam": 31, "N_passed": 28, "exam_avg": 8.1, "grade_dist": [4, 14, 8, 2, 0, 3, 0, 3]}, {"time": "2020winter", "N_exam": 31, "N_passed": 26, "exam_avg": 7.8, "grade_dist": [6, 11, 8, 1, 0, 5, 0, 4]}, {"time": "2019winter", "N_exam": 26, "N_passed": 26, "exam_avg": 8.4, "grade_dist": [6, 7, 9, 3, 1, 0, 0, 4]}], "course_no": "62762", "grade_percentile": 19.8284561049445, "eval_percentiles": {"learning": 24.86522911051213, "worklevel": 84.02964959568733, "good": 10.78167115902965}, "composites": {"beer_points": 3.53947880202256, "quality_points": 3.5229278625505036, "beer_percentiles": 13.906752411575564, "quality_percentiles": 10.128617363344052}}