{"info": {"language": "Dansk", "ECTS": 5, "time": "F1A (man 8-12)", "level": "Diplomingeni\u00f8r", "name": "Elektrofysik 2", "course_no": "62774"}, "grades": [{"time": "2021summer", "N_exam": 36, "N_passed": 35, "exam_avg": 9.8, "grade_dist": [19, 8, 5, 2, 1, 1, 0, 1, 6]}, {"time": "2020summer", "N_exam": 33, "N_passed": 31, "exam_avg": 8.6, "grade_dist": [11, 9, 7, 2, 2, 2, 0, 1, 11]}], "course_no": "62774", "grade_percentile": 19.754768392370572, "eval_percentiles": {"learning": 79.4979079497908, "worklevel": 52.77196652719665, "good": 93.61924686192468}, "composites": {"beer_points": 4.711792702273929, "quality_points": 7.070093677917433, "beer_percentiles": 30.17676767676768, "quality_percentiles": 73.86363636363636}}