{"info": {"language": "Dansk", "ECTS": 5, "time": "Januar", "level": "Diplomingeni\u00f8r", "name": "Projektarbejde 3. semester", "course_no": "62783"}, "evals": [{"time": "E-18-03", "N_responses": 7, "learning_answers": [0, 3, 0, 0, 4], "participation_answers": [3, 3, 1, 0, 0], "material_answers": [0, 0, 1, 1, 5], "clear_answers": [0, 1, 1, 1, 4], "connection_answers": [0, 0, 1, 3, 3], "worklevel_answers": [0, 0, 7, 0, 0], "prerequisite_answers": [1, 1, 5, 0, 0], "good_answers": [0, 0, 3, 0, 4]}], "eval_points": [{"time": "E-18-03", "learning": 3.2142857142857144, "worklevel": 5.0, "good": 2.142857142857143, "N": 7}], "grades": [{"time": "2021winter", "N_exam": 21, "N_passed": 19, "exam_avg": 6.7, "grade_dist": [2, 5, 6, 6, 0, 2, 0, 2]}], "course_no": "62783", "grade_percentile": 11.192468619246862, "eval_percentiles": {"learning": 53.37381916329284, "worklevel": 61.13360323886639, "good": 35.020242914979754}, "composites": {"beer_points": 3.7183019604018335, "quality_points": 4.811099252934898, "beer_percentiles": 17.77059773828756, "quality_percentiles": 27.78675282714055}}