{"info": {"language": "Engelsk", "ECTS": 5, "time": "Juni", "level": "Diplomingeni\u00f8r", "name": "Anvendt kredsl\u00f8bsteknik", "course_no": "62782"}, "evals": [{"time": "F-18-03JUN", "N_responses": 6, "learning_answers": [1, 3, 2, 0, 0], "participation_answers": [2, 1, 3, 0, 0], "material_answers": [1, 1, 3, 0, 1], "clear_answers": [1, 2, 2, 1, 0], "connection_answers": [1, 2, 2, 0, 1], "worklevel_answers": [0, 0, 2, 1, 3], "prerequisite_answers": [0, 0, 5, 0, 1], "good_answers": [1, 1, 3, 1, 0]}], "eval_points": [{"time": "F-18-03JUN", "learning": 7.083333333333334, "worklevel": 7.916666666666666, "good": 5.833333333333334, "N": 6}], "grades": [{"time": "2021summer", "N_exam": 24, "N_passed": 24, "exam_avg": 7.8, "grade_dist": [4, 9, 2, 9, 0, 0, 0, 2]}, {"time": "2020summer", "N_exam": 25, "N_passed": 20, "exam_avg": 5.8, "grade_dist": [0, 7, 8, 5, 0, 5, 0, 3]}, {"time": "2018summer", "N_exam": 21, "N_passed": 21, "exam_avg": 8.6, "grade_dist": [2, 8, 11, 0, 0, 0, 0, 1]}], "course_no": "62782", "grade_percentile": 6.851464435146443, "eval_percentiles": {"learning": 20.10796221322537, "worklevel": 80.63427800269905, "good": 13.360323886639677}, "composites": {"beer_points": 2.558519457719692, "quality_points": 2.6670224119530417, "beer_percentiles": 6.946688206785137, "quality_percentiles": 5.977382875605816}}