{"info": {"language": "Dansk", "ECTS": 10, "time": "Udenfor skema-struktur", "level": "Deltidsdiplom", "name": "Operations Management", "course_no": "62C02"}, "grades": [{"time": "2020winter", "N_exam": 12, "N_passed": 10, "exam_avg": 7.5, "grade_dist": [2, 6, 0, 1, 1, 2, 0, 1]}, {"time": "2019winter", "N_exam": 14, "N_passed": 14, "exam_avg": 11.3, "grade_dist": [9, 5, 0, 0, 0, 0, 0, 1]}], "course_no": "62C02", "grade_percentile": 53.86012715712988, "eval_percentiles": {"learning": 93.14853556485356, "worklevel": 55.23012552301255, "good": 75.418410041841}, "composites": {"beer_points": 5.713026617310065, "quality_points": 7.740432142352776, "beer_percentiles": 56.37626262626262, "quality_percentiles": 86.86868686868686}}