{"info": {"language": "Dansk", "ECTS": 10, "time": "Udenfor skema-struktur", "level": "Deltidsdiplom", "name": "Organisation, udvikling og samskabelse", "course_no": "62L06"}, "grades": [{"time": "2021summer", "N_exam": 43, "N_passed": 43, "exam_avg": 10.8, "grade_dist": [20, 20, 2, 0, 0, 0, 0, 1, 0]}, {"time": "2019winter", "N_exam": 32, "N_passed": 32, "exam_avg": 9.8, "grade_dist": [10, 14, 7, 1, 0, 0, 0, 2]}], "course_no": "62L06", "grade_percentile": 60.49445005045409, "eval_percentiles": {"learning": 3.2345013477088944, "worklevel": 23.11320754716981, "good": 5.121293800539084}, "composites": {"beer_points": 6.615713730066122, "quality_points": 3.640084206121942, "beer_percentiles": 80.06430868167203, "quality_percentiles": 11.414790996784566}}