{"info": {"language": "Dansk", "ECTS": 10, "time": "Udenfor skema-struktur", "level": "Deltidsdiplom", "name": "Organisation, udvikling og samskabelse", "course_no": "62L06"}, "grades": [{"time": "2021summer", "N_exam": 43, "N_passed": 43, "exam_avg": 10.8, "grade_dist": [20, 20, 2, 0, 0, 0, 0, 1, 0]}, {"time": "2019winter", "N_exam": 32, "N_passed": 32, "exam_avg": 9.8, "grade_dist": [10, 14, 7, 1, 0, 0, 0, 2]}], "course_no": "62L06", "grade_percentile": 60.35564853556485, "eval_percentiles": {"learning": 3.2388663967611335, "worklevel": 23.144399460188932, "good": 5.128205128205128}, "composites": {"beer_points": 6.528333170779284, "quality_points": 3.511205976520811, "beer_percentiles": 80.2907915993538, "quality_percentiles": 11.631663974151857}}